Order_ID,Order_Date,Product,Category,Region,Quantity,Unit_Price,Revenue,Customer_Type
ORD-10001,2025-11-24,Snapdragon Laptop X1,Electronics,Mumbai,3,1130.79,3392.37,SMB
ORD-10002,2025-02-22,Mechanical Keyboard Pro,Electronics,Delhi NCR,2,90.72,181.44,Enterprise
ORD-10003,2025-09-16,Mechanical Keyboard Pro,Electronics,Chennai,1,90.75,90.75,Individual
ORD-10004,2025-10-29,Thunderbolt 4 Dock,Accessories,Mumbai,3,175.4,526.2,Individual
ORD-10005,2025-03-21,Security Shield v4,Software & Cloud,Hyderabad,1,244.36,244.36,Enterprise
ORD-10006,2025-06-26,Thunderbolt 4 Dock,Accessories,Pune,3,193.63,580.89,Enterprise
ORD-10007,2025-07-13,Mechanical Keyboard Pro,Electronics,Chennai,1,96.18,96.18,Government
ORD-10008,2025-12-27,Snapdragon Laptop X1,Electronics,Bengaluru,3,1268.22,3804.66,Enterprise
ORD-10009,2025-02-21,Data Pipeline Setup,Services,Bengaluru,2,930.27,1860.54,SMB
ORD-10010,2025-04-18,Thunderbolt 4 Dock,Accessories,Mumbai,2,170.31,340.62,SMB
ORD-10011,2025-07-14,USB-C Fast Charger 100W,Accessories,Delhi NCR,3,57.83,173.49,SMB
ORD-10012,2025-06-11,Data Pipeline Setup,Services,Pune,1,906.32,906.32,Government
ORD-10013,2025-09-13,Annual Support Package,Services,Bengaluru,2,575.68,1151.36,SMB
ORD-10014,2025-10-15,Laptop Stand Aluminum,Accessories,Hyderabad,5,38.2,191.0,Government
ORD-10015,2025-03-12,AI Implementation Consulting,Services,Delhi NCR,3,1530.59,4591.77,SMB
ORD-10016,2025-12-15,Annual Support Package,Services,Hyderabad,1,602.79,602.79,Individual
ORD-10017,2025-10-11,Snapdragon Laptop X1,Electronics,Pune,3,1251.57,3754.71,Government
ORD-10018,2025-06-24,UltraVision Monitor 27,Electronics,Hyderabad,2,375.41,750.82,Enterprise
ORD-10019,2025-05-15,SnapInsight Pro Enterprise,Software & Cloud,Bengaluru,4,755.56,3022.24,SMB
ORD-10020,2025-03-24,Mechanical Keyboard Pro,Electronics,Delhi NCR,1,101.52,101.52,Enterprise
ORD-10021,2025-06-07,SnapInsight Pro Enterprise,Software & Cloud,Pune,1,746.96,746.96,Enterprise
ORD-10022,2025-09-06,Mechanical Keyboard Pro,Electronics,Mumbai,3,101.79,305.37,Individual
ORD-10023,2025-03-26,Laptop Stand Aluminum,Accessories,Pune,8,41.36,330.88,SMB
ORD-10024,2025-07-24,Laptop Stand Aluminum,Accessories,Hyderabad,5,38.39,191.95,Enterprise
ORD-10025,2025-02-02,Thunderbolt 4 Dock,Accessories,Mumbai,2,165.81,331.62,SMB
ORD-10026,2025-11-20,Qualcomm AI DevKit,Electronics,Delhi NCR,1,419.1,419.1,Government
ORD-10027,2025-05-02,Laptop Stand Aluminum,Accessories,Mumbai,1,38.36,38.36,Individual
ORD-10028,2025-08-31,AI Implementation Consulting,Services,Chennai,1,1465.03,1465.03,Individual
ORD-10029,2025-07-30,Annual Support Package,Services,Chennai,1,557.82,557.82,Enterprise
ORD-10030,2025-06-23,Qualcomm AI DevKit,Electronics,Pune,1,424.09,424.09,Individual
ORD-10031,2025-04-04,Laptop Stand Aluminum,Accessories,Delhi NCR,1,41.97,41.97,Individual
ORD-10032,2025-10-09,Snapdragon Laptop X1,Electronics,Pune,3,1290.05,3870.15,Enterprise
ORD-10033,2025-05-02,Data Sync Plugin,Software & Cloud,Mumbai,2,127.73,255.46,Individual
ORD-10034,2025-03-26,AI Implementation Consulting,Services,Bengaluru,10,1448.46,14484.6,Individual
ORD-10035,2025-12-23,AI Implementation Consulting,Services,Mumbai,1,1519.0,1519.0,Enterprise
ORD-10036,2025-10-05,UltraVision Monitor 27,Electronics,Pune,1,350.16,350.16,Individual
ORD-10037,2025-09-29,SnapInsight Pro Enterprise,Software & Cloud,Delhi NCR,8,744.77,5958.16,SMB
ORD-10038,2025-02-04,Data Sync Plugin,Software & Cloud,Pune,1,121.52,121.52,SMB
ORD-10039,2025-01-21,Wireless Ergonomic Mouse,Electronics,Pune,3,48.13,144.39,Government
ORD-10040,2025-04-15,USB-C Fast Charger 100W,Accessories,Mumbai,1,54.62,54.62,Government
ORD-10041,2025-02-07,Wireless Ergonomic Mouse,Electronics,Pune,2,41.93,83.86,Enterprise
ORD-10042,2025-04-20,USB-C Fast Charger 100W,Accessories,Delhi NCR,5,53.85,269.25,SMB
ORD-10043,2025-03-22,Annual Support Package,Services,Pune,3,616.11,1848.33,Enterprise
ORD-10044,2025-10-11,Thunderbolt 4 Dock,Accessories,Mumbai,5,168.92,844.6,Government
ORD-10045,2025-02-24,Security Shield v4,Software & Cloud,Mumbai,1,238.14,238.14,Government
ORD-10046,2025-11-21,Laptop Stand Aluminum,Accessories,Delhi NCR,1,40.86,40.86,Enterprise
ORD-10047,2025-05-22,Snapdragon Laptop X1,Electronics,Mumbai,1,1135.02,1135.02,Government
ORD-10048,2025-08-15,Annual Support Package,Services,Delhi NCR,1,604.38,604.38,SMB
ORD-10049,2025-07-09,Data Sync Plugin,Software & Cloud,Bengaluru,1,127.66,127.66,Government
ORD-10050,2025-01-21,USB-C Fast Charger 100W,Accessories,Chennai,3,53.71,161.13,Enterprise
ORD-10051,2025-10-14,Annual Support Package,Services,Mumbai,3,645.72,1937.16,SMB
ORD-10052,2025-04-01,AI Implementation Consulting,Services,Bengaluru,1,1572.54,1572.54,Individual
ORD-10053,2025-05-08,USB-C Fast Charger 100W,Accessories,Delhi NCR,3,58.28,174.84,Individual
ORD-10054,2025-08-29,Cloud Analytics Suite,Software & Cloud,Hyderabad,4,484.42,1937.68,Government
ORD-10055,2025-04-27,SnapInsight Pro Enterprise,Software & Cloud,Hyderabad,3,771.66,2314.98,Government
ORD-10056,2025-02-05,Noise-Canceling Headset,Accessories,Hyderabad,2,160.54,321.08,Government
ORD-10057,2025-03-01,USB-C Fast Charger 100W,Accessories,Bengaluru,2,51.55,103.1,Enterprise
ORD-10058,2025-08-11,Noise-Canceling Headset,Accessories,Pune,2,147.24,294.48,Enterprise
ORD-10059,2025-10-23,Security Shield v4,Software & Cloud,Hyderabad,1,250.8,250.8,Enterprise
ORD-10060,2025-10-03,Security Shield v4,Software & Cloud,Chennai,2,254.93,509.86,Government
ORD-10061,2025-12-06,UltraVision Monitor 27,Electronics,Chennai,2,340.27,680.54,Individual
ORD-10062,2025-12-23,USB-C Fast Charger 100W,Accessories,Chennai,1,56.56,56.56,Individual
ORD-10063,2025-03-31,Laptop Stand Aluminum,Accessories,Delhi NCR,2,38.64,77.28,Government
ORD-10064,2025-08-09,Laptop Stand Aluminum,Accessories,Chennai,2,40.07,80.14,SMB
ORD-10065,2025-03-28,UltraVision Monitor 27,Electronics,Chennai,2,327.23,654.46,Government
ORD-10066,2025-05-01,USB-C Fast Charger 100W,Accessories,Mumbai,4,51.01,204.04,Enterprise
ORD-10067,2025-09-01,Wireless Ergonomic Mouse,Electronics,Chennai,2,46.57,93.14,SMB
ORD-10068,2025-07-16,Data Pipeline Setup,Services,Chennai,1,1009.68,1009.68,Enterprise
ORD-10069,2025-02-24,AI Implementation Consulting,Services,Chennai,1,1392.05,1392.05,Individual
ORD-10070,2025-05-08,Wireless Ergonomic Mouse,Electronics,Hyderabad,1,48.24,48.24,Government
ORD-10071,2025-08-15,Annual Support Package,Services,Mumbai,2,595.21,1190.42,Individual
ORD-10072,2025-05-07,Laptop Stand Aluminum,Accessories,Bengaluru,2,37.3,74.6,Individual
ORD-10073,2025-05-27,Security Shield v4,Software & Cloud,Pune,1,235.53,235.53,Enterprise
ORD-10074,2025-04-29,Annual Support Package,Services,Mumbai,1,591.83,591.83,Enterprise
ORD-10075,2025-06-19,Data Pipeline Setup,Services,Hyderabad,1,1011.54,1011.54,Individual
ORD-10076,2025-10-27,Mechanical Keyboard Pro,Electronics,Delhi NCR,1,91.94,91.94,Government
ORD-10077,2025-07-19,Annual Support Package,Services,Pune,3,598.87,1796.61,SMB
ORD-10078,2025-05-20,Data Pipeline Setup,Services,Bengaluru,1,984.08,984.08,Individual
ORD-10079,2025-08-28,SnapInsight Pro Enterprise,Software & Cloud,Pune,5,746.75,3733.75,Enterprise
ORD-10080,2025-08-08,Data Sync Plugin,Software & Cloud,Bengaluru,1,116.69,116.69,Individual
ORD-10081,2025-08-21,Noise-Canceling Headset,Accessories,Hyderabad,3,156.05,468.15,Government
ORD-10082,2025-08-04,Thunderbolt 4 Dock,Accessories,Chennai,2,194.4,388.8,Enterprise
ORD-10083,2025-06-29,SnapInsight Pro Enterprise,Software & Cloud,Chennai,3,832.54,2497.62,Enterprise
ORD-10084,2025-05-07,SnapInsight Pro Enterprise,Software & Cloud,Mumbai,2,796.62,1593.24,SMB
ORD-10085,2025-02-28,Data Sync Plugin,Software & Cloud,Bengaluru,3,122.03,366.09,SMB
ORD-10086,2025-02-28,Security Shield v4,Software & Cloud,Delhi NCR,1,253.03,253.03,Government
ORD-10087,2025-07-12,Annual Support Package,Services,Pune,1,561.78,561.78,SMB
ORD-10088,2025-06-04,Mechanical Keyboard Pro,Electronics,Bengaluru,3,97.46,292.38,Individual
ORD-10089,2025-02-05,Thunderbolt 4 Dock,Accessories,Hyderabad,4,178.09,712.36,Enterprise
ORD-10090,2025-07-05,Annual Support Package,Services,Mumbai,1,611.13,611.13,Government
ORD-10091,2025-10-03,Data Pipeline Setup,Services,Chennai,2,922.99,1845.98,Government
ORD-10092,2025-05-06,UltraVision Monitor 27,Electronics,Mumbai,5,353.91,1769.55,Individual
ORD-10093,2025-12-09,Data Pipeline Setup,Services,Bengaluru,1,948.11,948.11,SMB
ORD-10094,2025-07-01,Noise-Canceling Headset,Accessories,Pune,1,151.34,151.34,Government
ORD-10095,2025-09-22,SnapInsight Pro Enterprise,Software & Cloud,Hyderabad,1,807.06,807.06,Individual
ORD-10096,2025-05-04,Annual Support Package,Services,Hyderabad,3,560.93,1682.79,Enterprise
ORD-10097,2025-04-24,Annual Support Package,Services,Chennai,1,597.43,597.43,Government
ORD-10098,2025-09-29,Laptop Stand Aluminum,Accessories,Pune,15,39.05,585.75,Government
ORD-10099,2025-08-21,Noise-Canceling Headset,Accessories,Delhi NCR,1,145.57,145.57,SMB
ORD-10100,2025-10-02,Cloud Analytics Suite,Software & Cloud,Hyderabad,1,517.97,517.97,Government
ORD-10101,2025-09-26,Thunderbolt 4 Dock,Accessories,Bengaluru,4,175.99,703.96,SMB
ORD-10102,2025-06-04,Mechanical Keyboard Pro,Electronics,Delhi NCR,1,95.81,95.81,Enterprise
ORD-10103,2025-12-24,Data Sync Plugin,Software & Cloud,Delhi NCR,1,119.41,119.41,Government
ORD-10104,2025-08-14,USB-C Fast Charger 100W,Accessories,Bengaluru,8,51.6,412.8,Individual
ORD-10105,2025-02-03,Data Pipeline Setup,Services,Chennai,1,897.06,897.06,Enterprise
ORD-10106,2025-10-16,Thunderbolt 4 Dock,Accessories,Delhi NCR,15,183.06,2745.9,Individual
ORD-10107,2025-11-13,Data Sync Plugin,Software & Cloud,Hyderabad,2,126.92,253.84,Government
ORD-10108,2025-08-08,Thunderbolt 4 Dock,Accessories,Chennai,2,192.89,385.78,Enterprise
ORD-10109,2025-04-17,Security Shield v4,Software & Cloud,Mumbai,3,236.95,710.85,SMB
ORD-10110,2025-02-08,SnapInsight Pro Enterprise,Software & Cloud,Chennai,2,773.28,1546.56,Individual
ORD-10111,2025-04-29,Noise-Canceling Headset,Accessories,Hyderabad,3,154.5,463.5,Enterprise
ORD-10112,2025-05-16,Data Sync Plugin,Software & Cloud,Mumbai,1,127.84,127.84,SMB
ORD-10113,2025-03-14,Snapdragon Laptop X1,Electronics,Bengaluru,1,1188.32,1188.32,Government
ORD-10114,2025-08-28,Laptop Stand Aluminum,Accessories,Pune,8,39.6,316.8,Individual
ORD-10115,2025-11-03,Wireless Ergonomic Mouse,Electronics,Pune,3,41.59,124.77,Government
ORD-10116,2025-04-28,UltraVision Monitor 27,Electronics,Mumbai,2,351.06,702.12,Individual
ORD-10117,2025-08-15,USB-C Fast Charger 100W,Accessories,Hyderabad,15,59.13,886.95,Individual
ORD-10118,2025-08-29,Laptop Stand Aluminum,Accessories,Chennai,1,42.29,42.29,Enterprise
ORD-10119,2025-06-18,Annual Support Package,Services,Chennai,2,630.1,1260.2,Individual
ORD-10120,2025-10-09,Wireless Ergonomic Mouse,Electronics,Bengaluru,1,42.23,42.23,Government
ORD-10121,2025-07-26,Mechanical Keyboard Pro,Electronics,Delhi NCR,2,95.28,190.56,SMB
ORD-10122,2025-11-15,Annual Support Package,Services,Delhi NCR,2,577.64,1155.28,SMB
ORD-10123,2025-03-09,Laptop Stand Aluminum,Accessories,Hyderabad,5,36.98,184.9,Enterprise
ORD-10124,2025-11-19,Cloud Analytics Suite,Software & Cloud,Delhi NCR,1,467.46,467.46,Individual
ORD-10125,2025-02-28,AI Implementation Consulting,Services,Mumbai,2,1603.84,3207.68,Individual
ORD-10126,2025-05-30,Laptop Stand Aluminum,Accessories,Hyderabad,4,39.72,158.88,SMB
ORD-10127,2025-03-16,AI Implementation Consulting,Services,Pune,5,1587.37,7936.85,SMB
ORD-10128,2025-05-22,Data Pipeline Setup,Services,Pune,5,998.72,4993.6,Government
ORD-10129,2025-05-25,Laptop Stand Aluminum,Accessories,Hyderabad,4,39.01,156.04,Individual
ORD-10130,2025-10-10,Data Pipeline Setup,Services,Mumbai,5,960.91,4804.55,SMB
ORD-10131,2025-04-30,AI Implementation Consulting,Services,Hyderabad,1,1472.66,1472.66,Individual
ORD-10132,2025-12-06,Data Sync Plugin,Software & Cloud,Mumbai,8,127.1,1016.8,Government
ORD-10133,2025-08-14,Mechanical Keyboard Pro,Electronics,Delhi NCR,5,93.63,468.15,SMB
ORD-10134,2025-12-02,SnapInsight Pro Enterprise,Software & Cloud,Bengaluru,2,815.78,1631.56,Government
ORD-10135,2025-07-23,UltraVision Monitor 27,Electronics,Pune,4,375.43,1501.72,Individual
ORD-10136,2025-11-17,Annual Support Package,Services,Delhi NCR,1,612.59,612.59,SMB
ORD-10137,2025-05-28,SnapInsight Pro Enterprise,Software & Cloud,Delhi NCR,2,792.79,1585.58,Enterprise
ORD-10138,2025-12-22,Thunderbolt 4 Dock,Accessories,Delhi NCR,1,175.92,175.92,Government
ORD-10139,2025-08-09,Cloud Analytics Suite,Software & Cloud,Pune,2,473.6,947.2,SMB
ORD-10140,2025-02-10,Annual Support Package,Services,Hyderabad,3,574.29,1722.87,SMB
ORD-10141,2025-11-23,Laptop Stand Aluminum,Accessories,Delhi NCR,1,42.57,42.57,Individual
ORD-10142,2025-12-13,SnapInsight Pro Enterprise,Software & Cloud,Bengaluru,2,817.78,1635.56,Government
ORD-10143,2025-08-06,Laptop Stand Aluminum,Accessories,Mumbai,4,42.26,169.04,Individual
ORD-10144,2025-02-24,Data Sync Plugin,Software & Cloud,Pune,2,129.46,258.92,Government
ORD-10145,2025-06-01,Wireless Ergonomic Mouse,Electronics,Pune,1,47.96,47.96,Enterprise
ORD-10146,2025-09-12,USB-C Fast Charger 100W,Accessories,Bengaluru,2,56.2,112.4,SMB
ORD-10147,2025-11-14,USB-C Fast Charger 100W,Accessories,Chennai,2,53.32,106.64,Enterprise
ORD-10148,2025-08-14,Mechanical Keyboard Pro,Electronics,Mumbai,1,101.23,101.23,Enterprise
ORD-10149,2025-06-17,AI Implementation Consulting,Services,Pune,1,1507.4,1507.4,Government
ORD-10150,2025-05-20,Security Shield v4,Software & Cloud,Hyderabad,5,259.86,1299.3,Government
ORD-10151,2025-06-23,Wireless Ergonomic Mouse,Electronics,Mumbai,8,47.59,380.72,SMB
ORD-10152,2025-12-12,Annual Support Package,Services,Hyderabad,1,577.39,577.39,Enterprise
ORD-10153,2025-03-05,Data Pipeline Setup,Services,Chennai,3,962.85,2888.55,Government
ORD-10154,2025-11-23,Thunderbolt 4 Dock,Accessories,Hyderabad,3,183.44,550.32,Enterprise
ORD-10155,2025-10-15,USB-C Fast Charger 100W,Accessories,Chennai,2,58.6,117.2,Individual
ORD-10156,2025-06-04,AI Implementation Consulting,Services,Delhi NCR,1,1619.02,1619.02,Government
ORD-10157,2025-03-01,Qualcomm AI DevKit,Electronics,Mumbai,5,446.66,2233.3,Individual
ORD-10158,2025-12-10,Annual Support Package,Services,Mumbai,3,614.87,1844.61,Individual
ORD-10159,2025-09-08,Data Pipeline Setup,Services,Bengaluru,1,941.39,941.39,SMB
ORD-10160,2025-05-01,Thunderbolt 4 Dock,Accessories,Bengaluru,10,167.34,1673.4,Government
ORD-10161,2025-05-22,SnapInsight Pro Enterprise,Software & Cloud,Hyderabad,8,820.83,6566.64,Enterprise
ORD-10162,2025-11-25,Snapdragon Laptop X1,Electronics,Mumbai,3,1255.1,3765.3,SMB
ORD-10163,2025-04-16,Mechanical Keyboard Pro,Electronics,Mumbai,1,92.39,92.39,SMB
ORD-10164,2025-03-17,UltraVision Monitor 27,Electronics,Mumbai,4,,1409.0,SMB
ORD-10165,2025-03-31,Snapdragon Laptop X1,Electronics,Bengaluru,1,1217.06,1217.06,SMB
ORD-10166,2025-01-09,Security Shield v4,Software & Cloud,Chennai,1,251.04,251.04,Individual
ORD-10167,2025-02-02,Data Pipeline Setup,Services,Pune,3,942.7,2828.1,Enterprise
ORD-10168,2025-04-24,Mechanical Keyboard Pro,Electronics,Chennai,1,88.32,88.32,Enterprise
ORD-10169,2025-09-03,Data Pipeline Setup,Services,Hyderabad,3,885.17,2655.51,Individual
ORD-10170,2025-02-11,USB-C Fast Charger 100W,Accessories,Bengaluru,1,53.95,53.95,Government
ORD-10171,2025-11-02,Laptop Stand Aluminum,Accessories,Hyderabad,2,41.88,83.76,Enterprise
ORD-10172,2025-02-28,Data Sync Plugin,Software & Cloud,Mumbai,2,116.91,233.82,Individual
ORD-10173,2025-08-21,Data Pipeline Setup,Services,Bengaluru,3,921.5,2764.5,Individual
ORD-10174,2025-05-11,USB-C Fast Charger 100W,Accessories,Hyderabad,3,51.4,154.2,Enterprise
ORD-10175,2025-02-13,Wireless Ergonomic Mouse,Electronics,Chennai,1,47.24,47.24,Government
ORD-10176,2025-10-12,Mechanical Keyboard Pro,Electronics,Pune,8,97.58,780.64,Government
ORD-10177,2025-07-30,Laptop Stand Aluminum,Accessories,Chennai,4,43.0,172.0,Enterprise
ORD-10178,2025-11-04,Noise-Canceling Headset,Accessories,Pune,1,141.71,141.71,SMB
ORD-10179,2025-09-04,SnapInsight Pro Enterprise,Software & Cloud,Pune,1,750.71,750.71,Government
ORD-10180,2025-05-23,Data Sync Plugin,Software & Cloud,Pune,4,122.09,488.36,Enterprise
ORD-10181,2025-12-03,Thunderbolt 4 Dock,Accessories,Chennai,1,192.14,192.14,Government
ORD-10182,2025-06-29,Qualcomm AI DevKit,Electronics,Pune,4,419.01,1676.04,
ORD-10183,2025-11-21,Snapdragon Laptop X1,Electronics,Mumbai,3,1184.61,3553.83,Individual
ORD-10184,2025-06-24,Security Shield v4,Software & Cloud,Bengaluru,1,265.33,265.33,Enterprise
ORD-10185,2025-03-21,SnapInsight Pro Enterprise,Software & Cloud,Bengaluru,3,820.73,2462.19,Individual
ORD-10186,2025-09-06,Data Pipeline Setup,Services,Pune,1,926.47,926.47,Enterprise
ORD-10187,2025-02-26,Laptop Stand Aluminum,Accessories,  Mumbai  ,2,38.21,76.42,Enterprise
ORD-10188,2025-11-03,Snapdragon Laptop X1,Electronics,Mumbai,1,1250.72,1250.72,SMB
ORD-10189,2025-05-29,Thunderbolt 4 Dock,Accessories,Chennai,1,170.66,170.66,Individual
ORD-10190,2025-07-14,Security Shield v4,Software & Cloud,Chennai,1,247.45,247.45,Enterprise
ORD-10191,2025-08-24,UltraVision Monitor 27,Electronics,Pune,2,361.73,723.46,Individual
ORD-10192,2025-08-02,Thunderbolt 4 Dock,Accessories,Bengaluru,2,188.68,377.36,SMB
ORD-10193,2025-11-13,Annual Support Package,Services,Delhi NCR,5,633.07,3165.35,Individual
ORD-10194,2025-05-05,Annual Support Package,Services,Delhi NCR,2,635.57,1271.14,Individual
ORD-10195,2025-06-23,Security Shield v4,Software & Cloud,Delhi NCR,3,251.22,753.66,Enterprise
ORD-10196,2025-04-10,Noise-Canceling Headset,Accessories,Chennai,3,143.67,431.01,SMB
ORD-10197,2025-03-16,USB-C Fast Charger 100W,Accessories,Mumbai,1,52.16,52.16,Enterprise
ORD-10198,2025-11-18,Data Pipeline Setup,Services,Pune,3,,2932.59,Individual
ORD-10199,2025-10-17,Noise-Canceling Headset,Accessories,Delhi NCR,1,148.61,148.61,Individual
ORD-10200,2025-06-05,Thunderbolt 4 Dock,Accessories,Delhi NCR,1,178.9,178.9,Government
ORD-10201,2025-01-20,UltraVision Monitor 27,Electronics,Delhi NCR,4,356.44,1425.76,Enterprise
ORD-10202,2025-09-17,Data Pipeline Setup,Services,Chennai,2,942.36,1884.72,Enterprise
ORD-10203,2025-10-20,Security Shield v4,Software & Cloud,Pune,2,268.31,536.62,SMB
ORD-10204,2025-08-19,UltraVision Monitor 27,Electronics,Delhi NCR,10,324.19,3241.9,SMB
ORD-10205,2025-08-13,Annual Support Package,Services,Mumbai,2,587.79,1175.58,Government
ORD-10206,2025-05-25,Data Pipeline Setup,Services,Chennai,3,993.96,2981.88,Enterprise
ORD-10207,2025-11-28,Thunderbolt 4 Dock,Accessories,Pune,1,173.78,173.78,Individual
ORD-10208,2025-12-03,Security Shield v4,Software & Cloud,Chennai,1,266.67,266.67,SMB
ORD-10209,2025-06-08,AI Implementation Consulting,Services,Delhi NCR,2,1514.14,3028.28,Government
ORD-10210,2025-11-26,USB-C Fast Charger 100W,Accessories,Chennai,3,56.29,168.87,Enterprise
ORD-10211,2025-08-05,Thunderbolt 4 Dock,Accessories,Mumbai,1,175.44,175.44,SMB
ORD-10212,2025-09-06,Cloud Analytics Suite,Software & Cloud,Mumbai,15,483.66,7254.9,Enterprise
ORD-10213,2025-02-21,UltraVision Monitor 27,Electronics,Pune,4,355.45,1421.8,SMB
ORD-10214,2025-03-20,Cloud Analytics Suite,Software & Cloud,Pune,4,517.69,2070.76,SMB
ORD-10215,2025-01-23,Data Pipeline Setup,Services,Mumbai,3,966.81,2900.43,Individual
ORD-10216,2025-08-18,Cloud Analytics Suite,Software & Cloud,Hyderabad,1,489.43,489.43,SMB
ORD-10217,2025-10-20,Data Pipeline Setup,Services,Hyderabad,3,1020.87,3062.61,Individual
ORD-10218,2025-04-13,Security Shield v4,Software & Cloud,Hyderabad,1,252.18,252.18,Government
ORD-10219,2025-02-22,UltraVision Monitor 27,Electronics,Mumbai,1,347.16,347.16,Government
ORD-10220,2025-09-20,Data Sync Plugin,Software & Cloud,Mumbai,1,127.38,127.38,Individual
ORD-10221,2025-01-14,AI Implementation Consulting,Services,Bengaluru,1,1472.68,1472.68,SMB
ORD-10222,2025-02-11,USB-C Fast Charger 100W,Accessories,Delhi NCR,1,57.56,57.56,Government
ORD-10223,2025-03-12,UltraVision Monitor 27,Electronics,Hyderabad,5,364.5,1822.5,SMB
ORD-10224,2025-08-29,Annual Support Package,Services,Delhi NCR,1,576.57,576.57,Enterprise
ORD-10225,2025-03-18,AI Implementation Consulting,Services,Mumbai,3,1409.24,4227.72,Government
ORD-10226,2025-05-03,Annual Support Package,Services,Hyderabad,3,562.64,1687.92,Enterprise
ORD-10227,2025-09-13,Mechanical Keyboard Pro,Electronics,Chennai,2,91.83,183.66,SMB
ORD-10228,2025-01-01,USB-C Fast Charger 100W,Accessories,Mumbai,2,55.21,110.42,Enterprise
ORD-10229,2025-07-04,Mechanical Keyboard Pro,Electronics,Pune,2,93.33,186.66,Enterprise
ORD-10230,2025-08-29,Wireless Ergonomic Mouse,Electronics,Bengaluru,10,43.97,439.7,Enterprise
ORD-10231,2025-02-04,USB-C Fast Charger 100W,Accessories,Chennai,3,57.39,172.17,Enterprise
ORD-10232,2025-06-20,SnapInsight Pro Enterprise,Software & Cloud,Bengaluru,1,842.29,842.29,SMB
ORD-10233,2025-12-17,Annual Support Package,Services,Mumbai,2,558.06,1116.12,SMB
ORD-10234,2025-08-23,UltraVision Monitor 27,Electronics,Mumbai,1,339.67,339.67,Enterprise
ORD-10235,2025-06-08,Annual Support Package,Services,Delhi NCR,2,579.47,1158.94,SMB
ORD-10236,2025-01-25,Noise-Canceling Headset,Accessories,Bengaluru,1,159.35,159.35,Individual
ORD-10237,2025-08-14,Data Pipeline Setup,Services,Hyderabad,10,929.84,9298.4,Individual
ORD-10238,2025-09-23,Thunderbolt 4 Dock,Accessories,Delhi NCR,3,182.95,548.85,Individual
ORD-10239,2025-04-03,Noise-Canceling Headset,Accessories,Bengaluru,1,145.36,145.36,Government
ORD-10240,2025-11-05,AI Implementation Consulting,Services,Bengaluru,3,1390.17,4170.51,Individual
ORD-10241,2025-06-30,Data Pipeline Setup,Services,Delhi NCR,2,976.02,1952.04,Enterprise
ORD-10242,2025-07-27,USB-C Fast Charger 100W,Accessories,Mumbai,8,50.91,407.28,Individual
ORD-10243,2025-02-04,Security Shield v4,Software & Cloud,Pune,1,254.2,254.2,Enterprise
ORD-10244,2025-12-14,Data Pipeline Setup,Services,Delhi NCR,1,954.48,954.48,SMB
ORD-10245,2025-07-23,Noise-Canceling Headset,Accessories,Delhi NCR,1,155.66,155.66,Enterprise
ORD-10246,2025-09-13,Annual Support Package,Services,Bengaluru,1,572.6,572.6,Individual
ORD-10247,2025-11-10,Laptop Stand Aluminum,Accessories,Mumbai,1,39.69,39.69,Enterprise
ORD-10248,2025-08-16,UltraVision Monitor 27,Electronics,Chennai,3,352.8,1058.4,Enterprise
ORD-10249,2025-05-29,USB-C Fast Charger 100W,Accessories,Chennai,3,57.58,172.74,SMB
ORD-10250,2025-09-18,SnapInsight Pro Enterprise,Software & Cloud,Mumbai,10,837.17,8371.7,SMB
ORD-10251,2025-01-14,Noise-Canceling Headset,Accessories,Pune,2,152.69,305.38,SMB
ORD-10252,2025-02-14,UltraVision Monitor 27,Electronics,Chennai,1,351.44,351.44,Individual
ORD-10253,2025-07-29,Qualcomm AI DevKit,Electronics,Chennai,10,446.4,4464.0,Enterprise
ORD-10254,2025-12-15,USB-C Fast Charger 100W,Accessories,Pune,4,57.36,229.44,SMB
ORD-10255,2025-03-08,Annual Support Package,Services,Delhi NCR,5,601.74,3008.7,Enterprise
ORD-10256,2025-06-05,Cloud Analytics Suite,Software & Cloud,Chennai,1,487.68,487.68,SMB
ORD-10257,2025-09-23,Thunderbolt 4 Dock,Accessories,Chennai,1,169.2,169.2,Government
ORD-10258,2025-06-05,Mechanical Keyboard Pro,Electronics,Pune,2,90.0,180.0,SMB
ORD-10259,2025-11-16,Thunderbolt 4 Dock,Accessories,Delhi NCR,4,166.91,667.64,Enterprise
ORD-10260,2025-11-25,USB-C Fast Charger 100W,Accessories,Hyderabad,3,54.98,164.94,Enterprise
ORD-10261,2025-11-18,Noise-Canceling Headset,Accessories,Chennai,2,145.14,290.28,Individual
ORD-10262,2025-02-07,Qualcomm AI DevKit,Electronics,Hyderabad,2,428.69,857.38,Individual
ORD-10263,2025-11-07,Security Shield v4,Software & Cloud,Bengaluru,4,269.01,1076.04,Government
ORD-10264,2025-03-08,Thunderbolt 4 Dock,Accessories,Hyderabad,1,173.3,173.3,Enterprise
ORD-10265,2025-05-07,SnapInsight Pro Enterprise,Software & Cloud,Hyderabad,1,767.78,767.78,Individual
ORD-10266,2025-03-23,Noise-Canceling Headset,Accessories,Mumbai,1,,161.9,Individual
ORD-10267,2025-08-28,Data Pipeline Setup,Services,Delhi NCR,2,950.83,1901.66,Individual
ORD-10268,2025-05-04,Security Shield v4,Software & Cloud,Bengaluru,1,253.9,253.9,Individual
ORD-10269,2025-12-01,Data Pipeline Setup,Services,Delhi NCR,2,894.36,1788.72,Individual
ORD-10270,2025-05-16,Laptop Stand Aluminum,Accessories,Hyderabad,1,40.45,40.45,Enterprise
ORD-10271,2025-04-10,Noise-Canceling Headset,Accessories,Pune,1,156.35,156.35,Individual
ORD-10272,2025-05-24,Qualcomm AI DevKit,Electronics,Hyderabad,10,471.23,4712.3,Government
ORD-10273,2025-06-23,USB-C Fast Charger 100W,Accessories,Pune,1,55.0,55.0,Individual
ORD-10274,2025-01-24,Qualcomm AI DevKit,Electronics,Hyderabad,3,424.72,1274.16,Individual
ORD-10275,2025-09-21,Security Shield v4,Software & Cloud,Bengaluru,5,245.72,1228.6,SMB
ORD-10276,2025-11-12,Noise-Canceling Headset,Accessories,Pune,2,155.01,310.02,Individual
ORD-10277,2025-06-03,AI Implementation Consulting,Services,Chennai,1,1615.18,1615.18,Enterprise
ORD-10278,2025-10-26,Thunderbolt 4 Dock,Accessories,Bengaluru,2,186.38,372.76,SMB
ORD-10279,2025-10-26,AI Implementation Consulting,Services,  Mumbai  ,2,1415.47,2830.94,Individual
ORD-10280,2025-12-15,SnapInsight Pro Enterprise,Software & Cloud,Chennai,2,760.42,1520.84,Enterprise
ORD-10281,2025-08-14,Laptop Stand Aluminum,Accessories,Chennai,1,39.43,39.43,SMB
ORD-10282,2025-11-10,Annual Support Package,Services,Chennai,3,601.79,1805.37,SMB
ORD-10283,2025-10-15,Laptop Stand Aluminum,Accessories,Bengaluru,2,39.74,79.48,SMB
ORD-10284,2025-09-30,Noise-Canceling Headset,Accessories,Chennai,3,152.64,457.92,Government
ORD-10285,2025-04-09,Security Shield v4,Software & Cloud,Mumbai,2,260.85,521.7,Government
ORD-10286,2025-12-27,Data Sync Plugin,Software & Cloud,Bengaluru,1,115.93,115.93,Government
ORD-10287,2025-10-21,Data Pipeline Setup,Services,Mumbai,4,880.39,3521.56,Government
ORD-10288,2025-02-10,Laptop Stand Aluminum,Accessories,Chennai,3,38.17,114.51,Individual
ORD-10289,2025-10-03,Noise-Canceling Headset,Accessories,Pune,1,143.82,143.82,SMB
ORD-10290,2025-12-09,Cloud Analytics Suite,Software & Cloud,Hyderabad,1,517.39,517.39,Government
ORD-10291,2025-02-21,SnapInsight Pro Enterprise,Software & Cloud,Mumbai,8,819.57,6556.56,Individual
ORD-10292,2025-09-01,Annual Support Package,Services,Bengaluru,1,579.4,579.4,Government
ORD-10293,2025-01-31,Mechanical Keyboard Pro,Electronics,Chennai,1,101.28,101.28,Enterprise
ORD-10294,2025-03-31,AI Implementation Consulting,Services,Delhi NCR,5,1569.11,7845.55,Individual
ORD-10295,2025-04-06,Thunderbolt 4 Dock,Accessories,Pune,1,192.34,192.34,Enterprise
ORD-10296,2025-06-21,Laptop Stand Aluminum,Accessories,Pune,10,42.49,424.9,Individual
ORD-10297,2025-03-10,Data Pipeline Setup,Services,Delhi NCR,1,898.7,898.7,Government
ORD-10298,2025-08-23,USB-C Fast Charger 100W,Accessories,Bengaluru,1,55.6,55.6,Government
ORD-10299,2025-04-09,Data Sync Plugin,Software & Cloud,Pune,4,112.07,448.28,Government
ORD-10300,2025-12-09,Qualcomm AI DevKit,Electronics,Hyderabad,10,481.38,4813.8,Government
ORD-10301,2025-01-04,Laptop Stand Aluminum,Accessories,Bengaluru,1,38.73,38.73,Government
ORD-10302,2025-10-21,UltraVision Monitor 27,Electronics,Chennai,3,325.48,976.44,SMB
ORD-10303,2025-03-02,Data Pipeline Setup,Services,Chennai,1,978.92,978.92,Government
ORD-10304,2025-11-24,Noise-Canceling Headset,Accessories,Mumbai,2,149.48,298.96,SMB
ORD-10305,2025-08-21,Laptop Stand Aluminum,Accessories,Hyderabad,3,41.68,125.04,SMB
ORD-10306,2025-12-15,Mechanical Keyboard Pro,Electronics,Chennai,2,88.59,177.18,Government
ORD-10307,2025-10-16,Snapdragon Laptop X1,Electronics,Pune,4,1213.96,4855.84,SMB
ORD-10308,2025-03-18,Security Shield v4,Software & Cloud,Hyderabad,4,257.21,1028.84,Enterprise
ORD-10309,2025-10-26,AI Implementation Consulting,Services,Hyderabad,5,1488.82,7444.1,Enterprise
ORD-10310,2025-09-20,Data Pipeline Setup,Services,Pune,2,976.26,1952.52,Individual
ORD-10311,2025-06-07,Wireless Ergonomic Mouse,Electronics,Delhi NCR,1,45.56,45.56,SMB
ORD-10312,2025-01-24,Data Pipeline Setup,Services,Pune,3,1016.06,3048.18,Enterprise
ORD-10313,2025-02-05,AI Implementation Consulting,Services,Mumbai,1,1563.8,1563.8,SMB
ORD-10314,2025-11-27,Data Pipeline Setup,Services,Hyderabad,15,1006.18,15092.7,Individual
ORD-10315,2025-07-13,AI Implementation Consulting,Services,Chennai,3,1536.85,4610.55,SMB
ORD-10316,2025-06-28,Qualcomm AI DevKit,Electronics,Hyderabad,15,466.41,6996.15,SMB
ORD-10317,2025-04-25,Snapdragon Laptop X1,Electronics,Hyderabad,10,1206.13,12061.3,Individual
ORD-10318,2025-04-28,Data Sync Plugin,Software & Cloud,Bengaluru,1,128.4,128.4,SMB
ORD-10319,2025-02-27,Wireless Ergonomic Mouse,Electronics,Delhi NCR,2,42.88,85.76,SMB
ORD-10320,2025-02-21,Wireless Ergonomic Mouse,Electronics,Chennai,2,43.16,86.32,Enterprise
ORD-10321,2025-01-23,Data Pipeline Setup,Services,Mumbai,1,895.3,895.3,Enterprise
ORD-10322,2025-05-29,Security Shield v4,Software & Cloud,Chennai,2,239.48,478.96,Government
ORD-10323,2025-03-15,Data Sync Plugin,Software & Cloud,Delhi NCR,1,122.42,122.42,SMB
ORD-10324,2025-08-07,AI Implementation Consulting,Services,Chennai,10,1568.59,15685.9,Individual
ORD-10325,2025-06-13,Data Pipeline Setup,Services,Hyderabad,1,988.67,988.67,SMB
ORD-10326,2025-08-31,Cloud Analytics Suite,Software & Cloud,Chennai,1,524.46,524.46,SMB
ORD-10327,2025-01-30,Data Pipeline Setup,Services,Mumbai,2,910.91,1821.82,Individual
ORD-10328,2025-04-15,Thunderbolt 4 Dock,Accessories,Bengaluru,5,181.03,905.15,Enterprise
ORD-10329,2025-04-08,UltraVision Monitor 27,Electronics,Pune,1,370.92,370.92,Enterprise
ORD-10330,2025-04-07,Data Sync Plugin,Software & Cloud,Bengaluru,1,128.77,128.77,Government
ORD-10331,2025-01-08,Cloud Analytics Suite,Software & Cloud,Delhi NCR,8,533.16,4265.28,Individual
ORD-10332,2025-12-23,Data Sync Plugin,Software & Cloud,Pune,5,125.29,626.45,Government
ORD-10333,2025-07-14,Annual Support Package,Services,Bengaluru,2,586.53,1173.06,Government
ORD-10334,2025-09-12,AI Implementation Consulting,Services,Chennai,4,1562.79,6251.16,Individual
ORD-10335,2025-06-13,Security Shield v4,Software & Cloud,Delhi NCR,1,259.65,259.65,SMB
ORD-10336,2025-01-09,Laptop Stand Aluminum,Accessories,Mumbai,1,38.27,38.27,Government
ORD-10337,2025-10-19,Data Sync Plugin,Software & Cloud,Chennai,2,115.34,230.68,Government
ORD-10338,2025-09-08,Data Pipeline Setup,Services,Bengaluru,1,895.27,895.27,SMB
ORD-10339,2025-10-07,AI Implementation Consulting,Services,Pune,5,1505.75,7528.75,Enterprise
ORD-10340,2025-02-08,Snapdragon Laptop X1,Electronics,Chennai,2,1117.05,2234.1,SMB
ORD-10341,2025-03-19,Qualcomm AI DevKit,Electronics,Bengaluru,2,458.48,916.96,Enterprise
ORD-10342,2025-12-08,Annual Support Package,Services,Delhi NCR,2,553.14,1106.28,Individual
ORD-10343,2025-09-29,Noise-Canceling Headset,Accessories,Chennai,1,157.35,157.35,Individual
ORD-10344,2025-04-02,Snapdragon Laptop X1,Electronics,Mumbai,2,1223.0,2446.0,SMB
ORD-10345,2025-05-10,Noise-Canceling Headset,Accessories,Delhi NCR,3,161.02,483.06,Government
ORD-10346,2025-08-24,Cloud Analytics Suite,Software & Cloud,Delhi NCR,1,467.48,467.48,Enterprise
ORD-10347,2025-07-14,Annual Support Package,Services,Chennai,2,619.47,1238.94,Enterprise
ORD-10348,2025-02-12,Data Pipeline Setup,Services,Bengaluru,2,1010.01,2020.02,Enterprise
ORD-10349,2025-01-22,Cloud Analytics Suite,Software & Cloud,Chennai,5,481.69,2408.45,Individual
ORD-10350,2025-02-08,Thunderbolt 4 Dock,Accessories,Bengaluru,1,193.29,193.29,Enterprise
ORD-10351,2025-10-28,Data Sync Plugin,Software & Cloud,Bengaluru,5,121.23,606.15,SMB
ORD-10352,2025-10-18,Annual Support Package,Services,Bengaluru,5,624.54,3122.7,Individual
ORD-10353,2025-03-13,Mechanical Keyboard Pro,Electronics,Bengaluru,3,88.88,266.64,Enterprise
ORD-10354,2025-04-29,UltraVision Monitor 27,Electronics,Pune,2,376.26,752.52,Individual
ORD-10355,2025-06-17,UltraVision Monitor 27,Electronics,Hyderabad,3,334.78,1004.34,Individual
ORD-10356,2025-10-11,Data Pipeline Setup,Services,Pune,1,887.03,887.03,Individual
ORD-10357,2025-11-13,USB-C Fast Charger 100W,Accessories,Delhi NCR,3,51.96,155.88,Government
ORD-10358,2025-11-21,Data Sync Plugin,Software & Cloud,Delhi NCR,1,110.5,110.5,Enterprise
ORD-10359,2025-06-07,Data Pipeline Setup,Services,Delhi NCR,3,887.27,2661.81,SMB
ORD-10360,2025-08-09,Annual Support Package,Services,Hyderabad,2,554.52,1109.04,
ORD-10361,2025-07-01,Mechanical Keyboard Pro,Electronics,Bengaluru,2,87.59,175.18,Individual
ORD-10362,2025-07-31,AI Implementation Consulting,Services,Pune,3,1517.27,4551.81,SMB
ORD-10363,2025-03-28,AI Implementation Consulting,Services,Bengaluru,1,1498.35,1498.35,Government
ORD-10364,2025-02-02,Data Sync Plugin,Software & Cloud,Bengaluru,1,125.43,125.43,Individual
ORD-10365,2025-07-04,USB-C Fast Charger 100W,Accessories,Hyderabad,3,54.63,163.89,SMB
ORD-10366,2025-03-11,Thunderbolt 4 Dock,Accessories,Bengaluru,8,188.76,1510.08,Individual
ORD-10367,2025-06-18,Data Pipeline Setup,Services,Chennai,2,919.67,1839.34,SMB
ORD-10368,2025-11-05,Data Sync Plugin,Software & Cloud,Hyderabad,1,116.0,116.0,Government
ORD-10369,2025-12-22,Annual Support Package,Services,Bengaluru,3,578.91,1736.73,Individual
ORD-10370,2025-07-21,Thunderbolt 4 Dock,Accessories,Mumbai,5,185.23,926.15,SMB
ORD-10371,2025-10-09,Wireless Ergonomic Mouse,Electronics,Mumbai,8,47.14,377.12,
ORD-10372,2025-12-21,Wireless Ergonomic Mouse,Electronics,Mumbai,3,43.14,129.42,Government
ORD-10373,2025-12-04,Data Sync Plugin,Software & Cloud,Delhi NCR,3,129.42,388.26,Individual
ORD-10374,2025-09-03,Annual Support Package,Services,Chennai,2,604.19,1208.38,Individual
ORD-10375,2025-07-04,Snapdragon Laptop X1,Electronics,Chennai,3,1135.94,3407.82,Government
ORD-10376,2025-11-10,Mechanical Keyboard Pro,Electronics,Chennai,10,102.1,1021.0,Individual
ORD-10377,2025-06-19,AI Implementation Consulting,Services,Bengaluru,1,1502.56,1502.56,SMB
ORD-10378,2025-09-23,Data Sync Plugin,Software & Cloud,Hyderabad,1,117.02,117.02,SMB
ORD-10379,2025-01-13,AI Implementation Consulting,Services,Delhi NCR,1,1579.52,1579.52,Enterprise
ORD-10380,2025-03-14,Noise-Canceling Headset,Accessories,Mumbai,1,146.36,146.36,Individual
ORD-10381,2025-02-19,Annual Support Package,Services,Bengaluru,3,580.83,1742.49,Enterprise
ORD-10382,2025-02-28,UltraVision Monitor 27,Electronics,Chennai,2,374.08,748.16,SMB
ORD-10383,2025-05-05,Cloud Analytics Suite,Software & Cloud,Hyderabad,1,478.55,478.55,Individual
ORD-10384,2025-07-27,Cloud Analytics Suite,Software & Cloud,Hyderabad,2,462.34,924.68,Individual
ORD-10385,2025-11-11,Data Sync Plugin,Software & Cloud,Hyderabad,2,123.93,247.86,Enterprise
ORD-10386,2025-04-16,Thunderbolt 4 Dock,Accessories,Pune,2,176.13,352.26,SMB
ORD-10387,2025-04-11,AI Implementation Consulting,Services,Hyderabad,1,1523.27,1523.27,Government
ORD-10388,2025-11-09,Annual Support Package,Services,Bengaluru,1,611.27,611.27,Individual
ORD-10389,2025-12-11,Thunderbolt 4 Dock,Accessories,Bengaluru,3,172.47,517.41,Enterprise
ORD-10390,2025-03-01,Security Shield v4,Software & Cloud,Pune,3,246.73,740.19,Individual
ORD-10391,2025-03-12,Data Pipeline Setup,Services,Chennai,1,958.35,958.35,SMB
ORD-10392,2025-09-08,USB-C Fast Charger 100W,Accessories,Hyderabad,1,58.22,58.22,Enterprise
ORD-10393,2025-01-05,AI Implementation Consulting,Services,Hyderabad,1,1478.19,1478.19,Individual
ORD-10394,2025-09-09,Annual Support Package,Services,Hyderabad,4,559.94,2239.76,SMB
ORD-10395,2025-01-16,Security Shield v4,Software & Cloud,Mumbai,1,236.73,236.73,Government
ORD-10396,2025-08-23,Annual Support Package,Services,Pune,2,577.72,1155.44,Enterprise
ORD-10397,2025-10-06,Thunderbolt 4 Dock,Accessories,Hyderabad,3,194.11,582.33,SMB
ORD-10398,2025-02-22,Security Shield v4,Software & Cloud,Delhi NCR,4,240.51,962.04,Individual
ORD-10399,2025-02-14,AI Implementation Consulting,Services,Mumbai,3,1574.57,4723.71,SMB
ORD-10400,2025-10-29,Laptop Stand Aluminum,Accessories,Mumbai,1,42.01,42.01,SMB
ORD-10401,2025-01-31,Noise-Canceling Headset,Accessories,Mumbai,2,161.5,323.0,Government
ORD-10402,2025-05-30,Noise-Canceling Headset,Accessories,Pune,8,141.25,1130.0,Enterprise
ORD-10403,2025-07-30,UltraVision Monitor 27,Electronics,Mumbai,4,335.98,1343.92,SMB
ORD-10404,2025-06-14,Data Sync Plugin,Software & Cloud,Pune,2,122.45,244.9,Government
ORD-10405,2025-07-12,AI Implementation Consulting,Services,Delhi NCR,2,1503.75,3007.5,Individual
ORD-10406,2025-05-23,Laptop Stand Aluminum,Accessories,Bengaluru,8,42.36,338.88,Enterprise
ORD-10407,2025-02-17,Annual Support Package,Services,Bengaluru,3,628.39,1885.17,Enterprise
ORD-10408,2025-07-23,Data Sync Plugin,Software & Cloud,Hyderabad,4,116.6,466.4,Government
ORD-10409,2025-05-26,USB-C Fast Charger 100W,Accessories,Hyderabad,2,58.47,116.94,Government
ORD-10410,2025-01-25,Snapdragon Laptop X1,Electronics,Hyderabad,2,1127.85,2255.7,Enterprise
ORD-10411,2025-03-22,Data Pipeline Setup,Services,Hyderabad,1,1025.35,1025.35,SMB
ORD-10412,2025-03-09,USB-C Fast Charger 100W,Accessories,Bengaluru,4,56.36,225.44,Enterprise
ORD-10413,2025-05-09,UltraVision Monitor 27,Electronics,Chennai,3,324.9,974.7,SMB
ORD-10414,2025-11-17,USB-C Fast Charger 100W,Accessories,Delhi NCR,2,50.61,101.22,Enterprise
ORD-10415,2025-09-02,Qualcomm AI DevKit,Electronics,Pune,2,414.67,829.34,Individual
ORD-10416,2025-12-23,Thunderbolt 4 Dock,Accessories,Hyderabad,10,179.36,1793.6,SMB
ORD-10417,2025-04-28,AI Implementation Consulting,Services,Delhi NCR,3,1455.2,4365.6,Enterprise
ORD-10418,2025-06-03,Data Sync Plugin,Software & Cloud,Mumbai,3,111.71,335.13,SMB
ORD-10419,2025-10-16,Mechanical Keyboard Pro,Electronics,Hyderabad,3,98.38,295.14,Government
ORD-10420,2025-11-18,Data Sync Plugin,Software & Cloud,Hyderabad,2,112.06,224.12,SMB
ORD-10421,2025-02-21,SnapInsight Pro Enterprise,Software & Cloud,Hyderabad,2,859.3,1718.6,Government
ORD-10422,2025-06-11,Cloud Analytics Suite,Software & Cloud,Delhi NCR,1,504.27,504.27,SMB
ORD-10423,2025-11-04,Thunderbolt 4 Dock,Accessories,Chennai,4,171.52,686.08,Government
ORD-10424,2025-11-07,Data Sync Plugin,Software & Cloud,Delhi NCR,1,119.9,119.9,SMB
ORD-10425,2025-02-27,Data Sync Plugin,Software & Cloud,Delhi NCR,2,129.35,258.7,Enterprise
ORD-10426,2025-06-12,Data Sync Plugin,Software & Cloud,Pune,4,117.42,469.68,Individual
ORD-10427,2025-12-16,Data Sync Plugin,Software & Cloud,Delhi NCR,8,121.68,973.44,Enterprise
ORD-10428,2025-01-08,USB-C Fast Charger 100W,Accessories,Delhi NCR,1,55.06,55.06,Individual
ORD-10429,2025-11-18,Data Pipeline Setup,Services,Delhi NCR,3,916.18,2748.54,SMB
ORD-10430,2025-06-08,Mechanical Keyboard Pro,Electronics,Mumbai,5,93.34,466.7,Government
ORD-10431,2025-11-21,UltraVision Monitor 27,Electronics,Chennai,3,325.24,975.72,SMB
ORD-10432,2025-02-14,AI Implementation Consulting,Services,Pune,2,1454.23,2908.46,Enterprise
ORD-10433,2025-12-03,SnapInsight Pro Enterprise,Software & Cloud,Mumbai,1,756.97,756.97,Enterprise
ORD-10434,2025-06-27,USB-C Fast Charger 100W,Accessories,Chennai,1,57.05,57.05,Government
ORD-10435,2025-03-02,UltraVision Monitor 27,Electronics,Bengaluru,4,336.73,1346.92,Enterprise
ORD-10436,2025-10-23,Wireless Ergonomic Mouse,Electronics,Bengaluru,2,45.0,90.0,Enterprise
ORD-10437,2025-10-18,Security Shield v4,Software & Cloud,Delhi NCR,1,239.14,239.14,Enterprise
ORD-10438,2025-09-18,Snapdragon Laptop X1,Electronics,Delhi NCR,4,1112.83,4451.32,SMB
ORD-10439,2025-07-06,AI Implementation Consulting,Services,Delhi NCR,1,1433.88,1433.88,Individual
ORD-10440,2025-05-08,Annual Support Package,Services,Delhi NCR,1,563.46,563.46,Government
ORD-10441,2025-12-11,Qualcomm AI DevKit,Electronics,Pune,1,482.69,482.69,Enterprise
ORD-10442,2025-02-05,Data Pipeline Setup,Services,Bengaluru,3,887.13,2661.39,Government
ORD-10443,2025-08-22,UltraVision Monitor 27,Electronics,Pune,1,363.42,363.42,Government
ORD-10444,2025-05-05,Data Pipeline Setup,Services,Hyderabad,2,985.33,1970.66,SMB
ORD-10445,2025-10-07,Cloud Analytics Suite,Software & Cloud,Hyderabad,1,478.64,478.64,Enterprise
ORD-10446,2025-06-27,UltraVision Monitor 27,Electronics,Chennai,1,369.54,369.54,Individual
ORD-10447,2025-06-07,Qualcomm AI DevKit,Electronics,Mumbai,2,449.43,898.86,Individual
ORD-10448,2025-01-31,Security Shield v4,Software & Cloud,Mumbai,1,258.03,258.03,Individual
ORD-10449,2025-07-10,Annual Support Package,Services,Delhi NCR,1,613.17,613.17,SMB
ORD-10450,2025-07-21,Mechanical Keyboard Pro,Electronics,Hyderabad,2,91.0,182.0,SMB
ORD-10451,2025-05-14,Laptop Stand Aluminum,Accessories,Chennai,3,38.84,116.52,Government
ORD-10452,2025-05-20,SnapInsight Pro Enterprise,Software & Cloud,Mumbai,8,755.89,6047.12,Enterprise
ORD-10453,2025-03-26,Data Pipeline Setup,Services,Delhi NCR,1,1020.62,1020.62,Government
ORD-10454,2025-04-17,Data Pipeline Setup,Services,Delhi NCR,2,897.96,1795.92,Enterprise
ORD-10455,2025-12-18,Thunderbolt 4 Dock,Accessories,Bengaluru,1,168.23,168.23,SMB
ORD-10456,2025-05-08,Laptop Stand Aluminum,Accessories,Chennai,2,38.47,76.94,Government
ORD-10457,2025-03-31,Wireless Ergonomic Mouse,Electronics,Pune,4,42.08,168.32,SMB
ORD-10458,2025-02-22,SnapInsight Pro Enterprise,Software & Cloud,Mumbai,1,761.36,761.36,SMB
ORD-10459,2025-07-25,Thunderbolt 4 Dock,Accessories,Bengaluru,2,166.23,332.46,Enterprise
ORD-10460,2025-02-03,Data Sync Plugin,Software & Cloud,Delhi NCR,4,112.75,451.0,Government
ORD-10461,2025-08-25,Qualcomm AI DevKit,Electronics,Hyderabad,5,449.72,2248.6,Individual
ORD-10462,2025-07-15,AI Implementation Consulting,Services,Mumbai,1,1447.17,1447.17,Government
ORD-10463,2025-03-18,Mechanical Keyboard Pro,Electronics,Mumbai,2,94.98,189.96,Government
ORD-10464,2025-10-09,AI Implementation Consulting,Services,Hyderabad,1,1480.62,1480.62,SMB
ORD-10465,2025-11-26,SnapInsight Pro Enterprise,Software & Cloud,Chennai,10,797.4,7974.0,Government
ORD-10466,2025-09-06,Noise-Canceling Headset,Accessories,Mumbai,1,145.65,145.65,Enterprise
ORD-10467,2025-04-23,UltraVision Monitor 27,Electronics,Hyderabad,1,364.94,364.94,Government
ORD-10468,2025-04-30,SnapInsight Pro Enterprise,Software & Cloud,Mumbai,1,804.31,804.31,Government
ORD-10469,2025-01-29,Data Sync Plugin,Software & Cloud,Mumbai,1,114.94,114.94,SMB
ORD-10470,2025-06-12,Thunderbolt 4 Dock,Accessories,Bengaluru,3,181.82,545.46,SMB
ORD-10471,2025-04-07,Annual Support Package,Services,Hyderabad,1,560.66,560.66,Enterprise
ORD-10472,2025-04-30,SnapInsight Pro Enterprise,Software & Cloud,Delhi NCR,2,853.49,1706.98,Government
ORD-10473,2025-04-14,Security Shield v4,Software & Cloud,Bengaluru,3,230.88,692.64,Enterprise
ORD-10474,2025-10-28,SnapInsight Pro Enterprise,Software & Cloud,Bengaluru,4,783.82,3135.28,Enterprise
ORD-10475,2025-12-06,Annual Support Package,Services,Bengaluru,1,565.1,565.1,Government
ORD-10476,2025-03-22,Annual Support Package,Services,Chennai,8,568.72,4549.76,Government
ORD-10477,2025-10-15,USB-C Fast Charger 100W,Accessories,Mumbai,3,53.3,159.9,Individual
ORD-10478,2025-12-19,USB-C Fast Charger 100W,Accessories,Delhi NCR,1,58.09,58.09,Individual
ORD-10479,2025-10-18,Qualcomm AI DevKit,Electronics,Pune,2,460.05,920.1,SMB
ORD-10480,2025-02-23,AI Implementation Consulting,Services,Delhi NCR,1,1463.23,1463.23,SMB
ORD-10481,2025-06-13,SnapInsight Pro Enterprise,Software & Cloud,Chennai,4,793.17,3172.68,Government
ORD-10482,2025-05-16,Cloud Analytics Suite,Software & Cloud,Bengaluru,3,522.96,1568.88,Government
ORD-10483,2025-01-01,Wireless Ergonomic Mouse,Electronics,Hyderabad,2,47.77,95.54,SMB
ORD-10484,2025-09-10,Data Pipeline Setup,Services,Delhi NCR,2,993.89,1987.78,Individual
ORD-10485,2025-10-23,Cloud Analytics Suite,Software & Cloud,Delhi NCR,2,461.61,923.22,Government
ORD-10486,2025-05-14,Snapdragon Laptop X1,Electronics,Hyderabad,1,1244.54,1244.54,SMB
ORD-10487,2025-10-08,UltraVision Monitor 27,Electronics,Pune,2,361.45,722.9,Individual
ORD-10488,2025-08-09,Data Sync Plugin,Software & Cloud,Delhi NCR,1,114.35,114.35,Government
ORD-10489,2025-04-08,Annual Support Package,Services,Chennai,2,615.42,1230.84,Government
ORD-10490,2025-06-02,SnapInsight Pro Enterprise,Software & Cloud,Pune,1,755.66,755.66,Individual
ORD-10491,2025-07-04,Wireless Ergonomic Mouse,Electronics,Chennai,1,42.84,42.84,Individual
ORD-10492,2025-01-14,Cloud Analytics Suite,Software & Cloud,Delhi NCR,2,527.5,1055.0,Individual
ORD-10493,2025-06-07,Data Pipeline Setup,Services,Chennai,2,887.85,1775.7,Government
ORD-10494,2025-10-06,AI Implementation Consulting,Services,Hyderabad,1,1424.78,1424.78,Government
ORD-10495,2025-01-23,Laptop Stand Aluminum,Accessories,Mumbai,2,40.41,80.82,Government
ORD-10496,2025-03-19,Snapdragon Laptop X1,Electronics,Pune,3,1290.38,3871.14,Individual
ORD-10497,2025-10-29,SnapInsight Pro Enterprise,Software & Cloud,Pune,4,859.6,3438.4,Individual
ORD-10498,2025-12-18,Annual Support Package,Services,Hyderabad,5,559.58,2797.9,Government
ORD-10499,2025-01-18,SnapInsight Pro Enterprise,Software & Cloud,Hyderabad,8,857.48,100972.99069675645,SMB
ORD-10500,2025-03-27,Cloud Analytics Suite,Software & Cloud,Hyderabad,1,539.06,539.06,Enterprise
ORD-10501,2025-08-11,Cloud Analytics Suite,Software & Cloud,Bengaluru,4,532.86,2131.44,Government
ORD-10502,2025-02-04,Wireless Ergonomic Mouse,Electronics,Pune,2,47.57,95.14,Government
ORD-10503,2025-09-24,AI Implementation Consulting,Services,Pune,3,1407.0,4221.0,Individual
ORD-10504,2025-03-18,SnapInsight Pro Enterprise,Software & Cloud,Pune,5,836.58,4182.9,Enterprise
ORD-10505,2025-10-02,Laptop Stand Aluminum,Accessories,Chennai,1,40.46,40.46,Individual
ORD-10506,2025-08-31,Qualcomm AI DevKit,Electronics,Mumbai,1,416.79,416.79,Individual
ORD-10507,2025-06-19,SnapInsight Pro Enterprise,Software & Cloud,Bengaluru,3,738.59,2215.77,Government
ORD-10508,2025-06-05,Noise-Canceling Headset,Accessories,Chennai,4,161.34,645.36,Enterprise
ORD-10509,2025-04-27,Security Shield v4,Software & Cloud,Hyderabad,10,240.78,2407.8,Government
ORD-10510,2025-08-02,Qualcomm AI DevKit,Electronics,Hyderabad,2,468.68,937.36,Individual
ORD-10511,2025-07-11,Mechanical Keyboard Pro,Electronics,Delhi NCR,3,98.19,294.57,Government
ORD-10512,2025-07-26,SnapInsight Pro Enterprise,Software & Cloud,Mumbai,1,767.93,767.93,Enterprise
ORD-10513,2025-08-22,UltraVision Monitor 27,Electronics,Bengaluru,3,368.12,1104.36,Government
ORD-10514,2025-09-16,Annual Support Package,Services,Chennai,5,575.23,2876.15,Enterprise
ORD-10515,2025-09-08,AI Implementation Consulting,Services,Hyderabad,8,1462.62,11700.96,Government
ORD-10516,2025-05-13,UltraVision Monitor 27,Electronics,Delhi NCR,1,369.81,369.81,SMB
ORD-10517,2025-04-20,Cloud Analytics Suite,Software & Cloud,Bengaluru,3,501.06,1503.18,Individual
ORD-10518,2025-12-16,Wireless Ergonomic Mouse,Electronics,Chennai,5,45.73,228.65,SMB
ORD-10519,2025-01-05,Security Shield v4,Software & Cloud,Bengaluru,2,246.95,493.9,Government
ORD-10520,2025-07-12,Laptop Stand Aluminum,Accessories,Hyderabad,1,41.13,41.13,Government
ORD-10521,2025-11-16,Annual Support Package,Services,Pune,1,605.9,605.9,Government
ORD-10522,2025-11-01,Noise-Canceling Headset,Accessories,Hyderabad,3,146.07,438.21,Enterprise
ORD-10523,2025-05-22,Noise-Canceling Headset,Accessories,Chennai,1,142.52,142.52,Government
ORD-10524,2025-09-22,SnapInsight Pro Enterprise,Software & Cloud,Pune,4,820.55,3282.2,Individual
ORD-10525,2025-12-15,SnapInsight Pro Enterprise,Software & Cloud,Bengaluru,3,852.08,2556.24,Government
ORD-10526,2025-07-27,Annual Support Package,Services,Chennai,1,584.94,584.94,SMB
ORD-10527,2025-04-24,Annual Support Package,Services,Bengaluru,1,632.7,632.7,SMB
ORD-10528,2025-10-13,Security Shield v4,Software & Cloud,Mumbai,1,259.01,259.01,Government
ORD-10529,2025-10-14,Security Shield v4,Software & Cloud,Mumbai,3,238.93,716.79,Government
ORD-10530,2025-06-07,Data Pipeline Setup,Services,Pune,1,944.49,944.49,Government
ORD-10531,2025-03-02,AI Implementation Consulting,Services,Pune,4,1493.33,5973.32,Enterprise
ORD-10532,2025-04-10,Wireless Ergonomic Mouse,Electronics,Hyderabad,2,47.67,95.34,Enterprise
ORD-10533,2025-03-19,Cloud Analytics Suite,Software & Cloud,Pune,1,471.46,471.46,Individual
ORD-10534,2025-04-03,Wireless Ergonomic Mouse,Electronics,Mumbai,1,45.97,45.97,Government
ORD-10535,2025-01-03,Data Pipeline Setup,Services,Mumbai,1,948.42,948.42,SMB
ORD-10536,2025-02-15,Data Sync Plugin,Software & Cloud,Hyderabad,2,128.93,257.86,Individual
ORD-10537,2025-07-16,Snapdragon Laptop X1,Electronics,Chennai,2,1286.41,2572.82,Government
ORD-10538,2025-06-14,SnapInsight Pro Enterprise,Software & Cloud,Chennai,3,764.96,2294.88,SMB
ORD-10539,2025-06-26,USB-C Fast Charger 100W,Accessories,Pune,1,52.07,52.07,Government
ORD-10540,2025-01-24,Noise-Canceling Headset,Accessories,Pune,2,148.41,296.82,Government
ORD-10541,2025-12-18,Security Shield v4,Software & Cloud,Hyderabad,15,260.0,3900.0,Government
ORD-10542,2025-03-26,AI Implementation Consulting,Services,Chennai,1,1430.69,1430.69,SMB
ORD-10543,2025-01-12,SnapInsight Pro Enterprise,Software & Cloud,Chennai,1,784.02,784.02,Enterprise
ORD-10544,2025-11-24,Thunderbolt 4 Dock,Accessories,Delhi NCR,2,184.42,368.84,Enterprise
ORD-10545,2025-01-11,Snapdragon Laptop X1,Electronics,Hyderabad,2,1209.08,2418.16,Enterprise
ORD-10546,2025-08-31,Cloud Analytics Suite,Software & Cloud,Chennai,3,484.09,1452.27,Enterprise
ORD-10547,2025-12-05,Mechanical Keyboard Pro,Electronics,Pune,1,93.77,93.77,SMB
ORD-10548,2025-02-23,UltraVision Monitor 27,Electronics,Delhi NCR,1,333.12,333.12,Individual
ORD-10549,2025-04-13,USB-C Fast Charger 100W,Accessories,Hyderabad,1,52.01,52.01,Government
ORD-10550,2025-10-08,AI Implementation Consulting,Services,Hyderabad,3,1436.28,4308.84,Government
ORD-10551,2025-01-07,Snapdragon Laptop X1,Electronics,Chennai,4,1132.64,4530.56,Individual
ORD-10552,2025-02-16,Snapdragon Laptop X1,Electronics,Chennai,5,1191.7,5958.5,SMB
ORD-10553,2025-06-01,Laptop Stand Aluminum,Accessories,Mumbai,1,42.25,42.25,Enterprise
ORD-10554,2025-07-04,Laptop Stand Aluminum,Accessories,Delhi NCR,3,36.86,110.58,Enterprise
ORD-10555,2025-03-12,Security Shield v4,Software & Cloud,Hyderabad,1,265.14,265.14,Government
ORD-10556,2025-02-17,Noise-Canceling Headset,Accessories,Hyderabad,1,161.1,161.1,Individual
ORD-10557,2025-05-20,Annual Support Package,Services,Hyderabad,4,562.85,2251.4,SMB
ORD-10558,2025-12-23,Qualcomm AI DevKit,Electronics,Pune,1,471.76,471.76,Individual
ORD-10559,2025-12-14,AI Implementation Consulting,Services,Bengaluru,2,1587.02,3174.04,Enterprise
ORD-10560,2025-03-08,Data Pipeline Setup,Services,Hyderabad,1,880.99,880.99,Individual
ORD-10561,2025-05-14,Thunderbolt 4 Dock,Accessories,Chennai,3,193.76,581.28,SMB
ORD-10562,2025-12-09,Thunderbolt 4 Dock,Accessories,Chennai,2,179.48,358.96,SMB
ORD-10563,2025-12-06,AI Implementation Consulting,Services,Pune,4,1382.79,5531.16,Enterprise
ORD-10564,2025-03-22,Data Pipeline Setup,Services,Delhi NCR,4,922.74,3690.96,Individual
ORD-10565,2025-06-19,Thunderbolt 4 Dock,Accessories,Pune,2,177.21,5216.863274179051,Individual
ORD-10566,2025-05-01,Wireless Ergonomic Mouse,Electronics,Pune,2,42.03,84.06,Individual
ORD-10567,2025-09-13,Data Pipeline Setup,Services,Hyderabad,1,889.6,889.6,Enterprise
ORD-10568,2025-07-31,Mechanical Keyboard Pro,Electronics,Delhi NCR,2,100.93,201.86,Government
ORD-10569,2025-10-15,Data Sync Plugin,Software & Cloud,Bengaluru,8,126.08,1008.64,Enterprise
ORD-10570,2025-08-21,Laptop Stand Aluminum,Accessories,  Mumbai  ,3,37.53,112.59,Individual
ORD-10571,2025-12-04,SnapInsight Pro Enterprise,Software & Cloud,Chennai,1,806.1,806.1,Government
ORD-10572,2025-07-11,Snapdragon Laptop X1,Electronics,Hyderabad,5,1261.79,6308.95,SMB
ORD-10573,2025-07-29,UltraVision Monitor 27,Electronics,Mumbai,2,374.09,748.18,Enterprise
ORD-10574,2025-07-21,Data Sync Plugin,Software & Cloud,Mumbai,4,112.47,449.88,Government
ORD-10575,2025-08-01,Mechanical Keyboard Pro,Electronics,Hyderabad,1,97.41,97.41,Individual
ORD-10576,2025-09-16,Data Sync Plugin,Software & Cloud,Chennai,1,121.02,121.02,Enterprise
ORD-10577,2025-08-10,Annual Support Package,Services,Mumbai,3,622.13,1866.39,SMB
ORD-10578,2025-03-07,Wireless Ergonomic Mouse,Electronics,Pune,3,45.03,135.09,Government
ORD-10579,2025-07-16,Annual Support Package,Services,Mumbai,5,590.2,2951.0,Government
ORD-10580,2025-06-25,Laptop Stand Aluminum,Accessories,Mumbai,4,40.66,162.64,Individual
ORD-10581,2025-09-20,Noise-Canceling Headset,Accessories,Pune,3,142.82,428.46,SMB
ORD-10582,2025-11-16,Noise-Canceling Headset,Accessories,Mumbai,5,150.09,750.45,SMB
ORD-10583,2025-12-22,Thunderbolt 4 Dock,Accessories,Pune,3,182.38,547.14,Individual
ORD-10584,2025-12-08,Annual Support Package,Services,Pune,3,636.24,1908.72,Government
ORD-10585,2025-08-05,Mechanical Keyboard Pro,Electronics,Hyderabad,1,88.21,88.21,SMB
ORD-10586,2025-01-29,Security Shield v4,Software & Cloud,Mumbai,3,257.34,772.02,Government
ORD-10587,2025-03-16,UltraVision Monitor 27,Electronics,Pune,1,342.09,342.09,Enterprise
ORD-10588,2025-08-20,Mechanical Keyboard Pro,Electronics,Chennai,4,98.68,394.72,SMB
ORD-10589,2025-10-15,AI Implementation Consulting,Services,Chennai,2,1546.3,3092.6,Government
ORD-10590,2025-01-25,Data Pipeline Setup,Services,Chennai,2,1020.81,2041.62,Government
ORD-10591,2025-01-28,UltraVision Monitor 27,Electronics,Hyderabad,1,373.04,373.04,SMB
ORD-10592,2025-12-27,USB-C Fast Charger 100W,Accessories,Mumbai,3,54.55,163.65,Government
ORD-10593,2025-12-16,Qualcomm AI DevKit,Electronics,Chennai,8,441.16,3529.28,Enterprise
ORD-10594,2025-08-08,Noise-Canceling Headset,Accessories,Pune,1,138.14,138.14,Government
ORD-10595,2025-08-27,SnapInsight Pro Enterprise,Software & Cloud,Bengaluru,1,835.03,835.03,Enterprise
ORD-10596,2025-11-17,Laptop Stand Aluminum,Accessories,Pune,3,37.27,111.81,Government
ORD-10597,2025-06-12,Cloud Analytics Suite,Software & Cloud,Pune,2,493.27,986.54,SMB
ORD-10598,2025-10-02,AI Implementation Consulting,Services,Mumbai,1,1459.46,1459.46,Government
ORD-10599,2025-05-31,Data Sync Plugin,Software & Cloud,Chennai,15,112.6,1689.0,Enterprise
ORD-10600,2025-06-27,AI Implementation Consulting,Services,Pune,5,1610.14,8050.7,SMB
ORD-10601,2025-12-16,Laptop Stand Aluminum,Accessories,Delhi NCR,5,38.44,192.2,Individual
ORD-10602,2025-05-25,Mechanical Keyboard Pro,Electronics,Bengaluru,4,94.8,379.2,Individual
ORD-10603,2025-06-01,Security Shield v4,Software & Cloud,Delhi NCR,2,268.87,537.74,SMB
ORD-10604,2025-10-03,Snapdragon Laptop X1,Electronics,Chennai,1,1270.07,1270.07,SMB
ORD-10605,2025-08-06,Qualcomm AI DevKit,Electronics,Chennai,2,460.55,921.1,Individual
ORD-10606,2025-02-06,SnapInsight Pro Enterprise,Software & Cloud,Bengaluru,2,747.2,1494.4,Enterprise
ORD-10607,2025-01-28,Security Shield v4,Software & Cloud,Pune,2,266.44,532.88,SMB
ORD-10608,2025-07-28,Data Pipeline Setup,Services,Hyderabad,2,876.57,1753.14,Government
ORD-10609,2025-12-11,Mechanical Keyboard Pro,Electronics,Chennai,1,98.89,98.89,Enterprise
ORD-10610,2025-10-27,Snapdragon Laptop X1,Electronics,Pune,1,1159.65,1159.65,Enterprise
ORD-10611,2025-12-18,Thunderbolt 4 Dock,Accessories,Hyderabad,1,176.98,176.98,Individual
ORD-10612,2025-12-05,Wireless Ergonomic Mouse,Electronics,Mumbai,1,46.78,46.78,SMB
ORD-10613,2025-10-07,USB-C Fast Charger 100W,Accessories,Chennai,1,59.03,59.03,Government
ORD-10614,2025-01-06,SnapInsight Pro Enterprise,Software & Cloud,Pune,1,804.76,804.76,Individual
ORD-10615,2025-02-13,USB-C Fast Charger 100W,Accessories,Chennai,3,52.46,157.38,Government
ORD-10616,2025-11-27,Cloud Analytics Suite,Software & Cloud,Pune,1,475.55,475.55,Government
ORD-10617,2025-04-03,Mechanical Keyboard Pro,Electronics,Pune,2,91.82,183.64,Enterprise
ORD-10618,2025-02-04,Thunderbolt 4 Dock,Accessories,Pune,1,193.0,193.0,Individual
ORD-10619,2025-07-02,Cloud Analytics Suite,Software & Cloud,Pune,1,532.01,532.01,Enterprise
ORD-10620,2025-06-12,Data Pipeline Setup,Services,Chennai,1,979.41,979.41,Government
ORD-10621,2025-03-20,Noise-Canceling Headset,Accessories,Mumbai,8,145.52,1164.16,Enterprise
ORD-10622,2025-04-24,Data Pipeline Setup,Services,Mumbai,4,1007.44,4029.76,Government
ORD-10623,2025-08-25,Data Pipeline Setup,Services,Hyderabad,3,900.72,2702.16,Enterprise
ORD-10624,2025-11-07,UltraVision Monitor 27,Electronics,Mumbai,4,336.74,1346.96,SMB
ORD-10625,2025-11-17,Snapdragon Laptop X1,Electronics,Pune,5,1260.03,6300.15,Enterprise
ORD-10626,2025-10-24,Annual Support Package,Services,Delhi NCR,1,604.17,604.17,Government
ORD-10627,2025-10-04,Annual Support Package,Services,Bengaluru,3,573.44,1720.32,Individual
ORD-10628,2025-10-29,USB-C Fast Charger 100W,Accessories,Pune,2,54.09,108.18,Enterprise
ORD-10629,2025-09-15,Qualcomm AI DevKit,Electronics,Pune,4,468.52,1874.08,SMB
ORD-10630,2025-03-13,AI Implementation Consulting,Services,Pune,1,1556.62,1556.62,SMB
ORD-10631,2025-09-05,Thunderbolt 4 Dock,Accessories,Hyderabad,1,167.41,167.41,SMB
ORD-10632,2025-07-09,SnapInsight Pro Enterprise,Software & Cloud,Pune,3,785.68,2357.04,Government
ORD-10633,2025-08-21,Snapdragon Laptop X1,Electronics,Bengaluru,10,1239.12,12391.2,Enterprise
ORD-10634,2025-09-24,Noise-Canceling Headset,Accessories,Pune,2,147.04,294.08,SMB
ORD-10635,2025-07-13,Thunderbolt 4 Dock,Accessories,Hyderabad,2,180.47,360.94,SMB
ORD-10636,2025-06-30,Laptop Stand Aluminum,Accessories,Pune,3,40.01,120.03,Enterprise
ORD-10637,2025-03-13,AI Implementation Consulting,Services,Pune,1,1430.76,1430.76,Government
ORD-10638,2025-04-06,Security Shield v4,Software & Cloud,Delhi NCR,2,246.58,493.16,SMB
ORD-10639,2025-06-19,Wireless Ergonomic Mouse,Electronics,Hyderabad,3,45.65,136.95,SMB
ORD-10640,2025-11-28,AI Implementation Consulting,Services,Mumbai,1,1412.33,1412.33,SMB
ORD-10641,2025-09-20,Mechanical Keyboard Pro,Electronics,Mumbai,1,101.42,101.42,Government
ORD-10642,2025-09-22,Annual Support Package,Services,Chennai,8,636.34,5090.72,Enterprise
ORD-10643,2025-12-05,Thunderbolt 4 Dock,Accessories,Pune,1,190.58,190.58,Individual
ORD-10644,2025-03-29,Data Sync Plugin,Software & Cloud,Pune,2,122.37,244.74,SMB
ORD-10645,2025-09-19,USB-C Fast Charger 100W,Accessories,Bengaluru,3,55.85,167.55,Individual
ORD-10646,2025-02-05,Data Sync Plugin,Software & Cloud,Delhi NCR,1,114.29,114.29,Enterprise
ORD-10647,2025-09-16,AI Implementation Consulting,Services,Mumbai,2,1596.39,3192.78,Individual
ORD-10648,2025-11-04,Mechanical Keyboard Pro,Electronics,Delhi NCR,2,94.73,189.46,Enterprise
ORD-10649,2025-03-08,Wireless Ergonomic Mouse,Electronics,Bengaluru,2,46.42,92.84,Enterprise
ORD-10650,2025-08-08,Data Sync Plugin,Software & Cloud,Hyderabad,3,121.71,365.13,Government
ORD-10651,2025-12-23,Wireless Ergonomic Mouse,Electronics,Hyderabad,1,47.95,47.95,SMB
ORD-10652,2025-02-12,Laptop Stand Aluminum,Accessories,Delhi NCR,1,40.5,40.5,Enterprise
ORD-10653,2025-03-02,Wireless Ergonomic Mouse,Electronics,Chennai,3,44.34,133.02,Government
ORD-10654,2025-02-24,Data Sync Plugin,Software & Cloud,Bengaluru,3,126.82,380.46,Government
ORD-10655,2025-08-05,Noise-Canceling Headset,Accessories,Hyderabad,15,147.92,2218.8,SMB
ORD-10656,2025-10-13,AI Implementation Consulting,Services,Pune,1,1440.91,1440.91,Individual
ORD-10657,2025-06-07,Laptop Stand Aluminum,Accessories,Chennai,3,41.59,124.77,Enterprise
ORD-10658,2025-08-17,SnapInsight Pro Enterprise,Software & Cloud,Hyderabad,1,838.51,838.51,Government
ORD-10659,2025-11-11,Qualcomm AI DevKit,Electronics,Chennai,1,471.91,471.91,Enterprise
ORD-10660,2025-03-16,Annual Support Package,Services,Delhi NCR,2,573.29,1146.58,Government
ORD-10661,2025-02-10,Wireless Ergonomic Mouse,Electronics,Hyderabad,5,46.52,232.6,Government
ORD-10662,2025-11-02,Qualcomm AI DevKit,Electronics,Hyderabad,2,428.52,857.04,Enterprise
ORD-10663,2025-12-03,USB-C Fast Charger 100W,Accessories,Pune,1,56.01,56.01,SMB
ORD-10664,2025-12-12,UltraVision Monitor 27,Electronics,Delhi NCR,1,326.86,326.86,SMB
ORD-10665,2025-05-22,Data Pipeline Setup,Services,Hyderabad,3,952.7,2858.1,SMB
ORD-10666,2025-12-27,Snapdragon Laptop X1,Electronics,Chennai,2,1170.72,2341.44,Government
ORD-10667,2025-05-22,Cloud Analytics Suite,Software & Cloud,Hyderabad,2,480.89,961.78,Enterprise
ORD-10668,2025-07-28,Mechanical Keyboard Pro,Electronics,Bengaluru,1,101.79,101.79,Government
ORD-10669,2025-09-20,Noise-Canceling Headset,Accessories,Hyderabad,3,156.48,469.44,Individual
ORD-10670,2025-06-23,Annual Support Package,Services,Pune,2,598.27,1196.54,Enterprise
ORD-10671,2025-05-13,Wireless Ergonomic Mouse,Electronics,Mumbai,2,47.16,94.32,SMB
ORD-10672,2025-07-31,Thunderbolt 4 Dock,Accessories,Bengaluru,3,173.87,521.61,SMB
ORD-10673,2025-07-24,Thunderbolt 4 Dock,Accessories,Mumbai,2,174.64,349.28,Individual
ORD-10674,2025-04-22,USB-C Fast Charger 100W,Accessories,Chennai,8,54.99,439.92,SMB
ORD-10675,2025-04-13,Cloud Analytics Suite,Software & Cloud,Mumbai,4,476.22,1904.88,SMB
ORD-10676,2025-05-08,USB-C Fast Charger 100W,Accessories,Delhi NCR,3,56.55,169.65,Enterprise
ORD-10677,2025-12-06,Annual Support Package,Services,Pune,1,633.41,633.41,Enterprise
ORD-10678,2025-07-10,Laptop Stand Aluminum,Accessories,Pune,5,39.94,199.7,Government
ORD-10679,2025-09-19,Laptop Stand Aluminum,Accessories,Pune,1,37.15,37.15,SMB
ORD-10680,2025-08-05,Annual Support Package,Services,Bengaluru,1,634.6,634.6,Individual
ORD-10681,2025-03-31,AI Implementation Consulting,Services,Hyderabad,3,1545.41,4636.23,Government
ORD-10682,2025-01-07,Data Sync Plugin,Software & Cloud,Bengaluru,2,122.17,244.34,Government
ORD-10683,2025-05-13,Security Shield v4,Software & Cloud,Hyderabad,1,244.64,244.64,Government
ORD-10684,2025-09-13,AI Implementation Consulting,Services,Bengaluru,2,1585.04,3170.08,Government
ORD-10685,2025-05-24,AI Implementation Consulting,Services,Pune,2,1575.41,3150.82,SMB
ORD-10686,2025-05-19,Data Sync Plugin,Software & Cloud,Mumbai,4,125.76,503.04,SMB
ORD-10687,2025-03-18,AI Implementation Consulting,Services,Hyderabad,1,1618.93,1618.93,SMB
ORD-10688,2025-11-19,Laptop Stand Aluminum,Accessories,Pune,1,39.35,39.35,Enterprise
ORD-10689,2025-12-20,SnapInsight Pro Enterprise,Software & Cloud,Bengaluru,1,843.39,843.39,Individual
ORD-10690,2025-02-19,Annual Support Package,Services,Bengaluru,1,605.79,605.79,Government
ORD-10691,2025-05-12,Thunderbolt 4 Dock,Accessories,Bengaluru,2,182.21,364.42,SMB
ORD-10692,2025-11-29,Security Shield v4,Software & Cloud,Chennai,1,260.99,260.99,Individual
ORD-10693,2025-08-17,Wireless Ergonomic Mouse,Electronics,Hyderabad,2,47.65,95.3,SMB
ORD-10694,2025-11-24,Laptop Stand Aluminum,Accessories,Pune,2,42.23,84.46,Individual
ORD-10695,2025-02-06,Qualcomm AI DevKit,Electronics,Bengaluru,1,461.02,461.02,Government
ORD-10696,2025-05-17,Data Pipeline Setup,Services,Bengaluru,5,936.93,4684.65,Individual
ORD-10697,2025-04-05,Qualcomm AI DevKit,Electronics,Chennai,3,481.71,1445.13,Government
ORD-10698,2025-12-25,Qualcomm AI DevKit,Electronics,Delhi NCR,1,418.59,418.59,Enterprise
ORD-10699,2025-08-31,Snapdragon Laptop X1,Electronics,Pune,3,1123.95,3371.85,Enterprise
ORD-10700,2025-11-13,SnapInsight Pro Enterprise,Software & Cloud,Hyderabad,3,765.36,2296.08,Government
ORD-10701,2025-05-26,Annual Support Package,Services,Pune,1,554.74,554.74,SMB
ORD-10702,2025-12-06,Noise-Canceling Headset,Accessories,Hyderabad,4,151.17,604.68,Government
ORD-10703,2025-03-11,Data Sync Plugin,Software & Cloud,Chennai,2,120.45,240.9,Individual
ORD-10704,2025-11-24,Noise-Canceling Headset,Accessories,Mumbai,2,148.6,297.2,Enterprise
ORD-10705,2025-07-07,Data Pipeline Setup,Services,Delhi NCR,1,953.54,953.54,Enterprise
ORD-10706,2025-03-11,Noise-Canceling Headset,Accessories,Delhi NCR,2,160.73,321.46,Individual
ORD-10707,2025-09-02,Thunderbolt 4 Dock,Accessories,Bengaluru,3,188.55,565.65,SMB
ORD-10708,2025-10-08,USB-C Fast Charger 100W,Accessories,Pune,2,54.07,108.14,Individual
ORD-10709,2025-03-25,Data Pipeline Setup,Services,Delhi NCR,1,969.05,969.05,Individual
ORD-10710,2025-09-22,Noise-Canceling Headset,Accessories,Pune,2,147.91,295.82,Government
ORD-10711,2025-02-05,Cloud Analytics Suite,Software & Cloud,Chennai,1,509.42,509.42,Individual
ORD-10712,2025-05-20,AI Implementation Consulting,Services,Mumbai,1,1612.73,1612.73,Enterprise
ORD-10713,2025-01-12,SnapInsight Pro Enterprise,Software & Cloud,Mumbai,1,829.07,829.07,Individual
ORD-10714,2025-04-30,Qualcomm AI DevKit,Electronics,Mumbai,1,444.26,444.26,Government
ORD-10715,2025-09-13,Laptop Stand Aluminum,Accessories,Delhi NCR,3,37.31,111.93,Government
ORD-10716,2025-03-16,UltraVision Monitor 27,Electronics,Delhi NCR,3,332.17,996.51,Individual
ORD-10717,2025-05-09,AI Implementation Consulting,Services,Chennai,1,1472.35,1472.35,SMB
ORD-10718,2025-08-15,SnapInsight Pro Enterprise,Software & Cloud,Chennai,1,802.71,802.71,Enterprise
ORD-10719,2025-04-17,Data Pipeline Setup,Services,Bengaluru,3,898.11,2694.33,Government
ORD-10720,2025-01-22,UltraVision Monitor 27,Electronics,Bengaluru,2,342.18,684.36,SMB
ORD-10721,2025-01-27,SnapInsight Pro Enterprise,Software & Cloud,Hyderabad,1,737.93,737.93,Government
ORD-10722,2025-05-22,Wireless Ergonomic Mouse,Electronics,Delhi NCR,3,45.58,136.74,Enterprise
ORD-10723,2025-12-20,Annual Support Package,Services,Bengaluru,2,575.88,1151.76,Enterprise
ORD-10724,2025-09-13,Mechanical Keyboard Pro,Electronics,Chennai,1,88.31,88.31,Enterprise
ORD-10725,2025-11-27,SnapInsight Pro Enterprise,Software & Cloud,Mumbai,1,861.65,861.65,Government
ORD-10726,2025-11-27,Laptop Stand Aluminum,Accessories,Delhi NCR,3,39.09,117.27,Individual
ORD-10727,2025-03-10,Thunderbolt 4 Dock,Accessories,Hyderabad,2,181.23,362.46,Government
ORD-10728,2025-09-08,Cloud Analytics Suite,Software & Cloud,Bengaluru,2,482.03,964.06,Individual
ORD-10729,2025-11-03,SnapInsight Pro Enterprise,Software & Cloud,Hyderabad,2,840.89,1681.78,Government
ORD-10730,2025-10-05,Laptop Stand Aluminum,Accessories,Chennai,1,41.5,41.5,
ORD-10731,2025-01-10,USB-C Fast Charger 100W,Accessories,Delhi NCR,1,52.27,52.27,Individual
ORD-10732,2025-12-16,Annual Support Package,Services,Bengaluru,1,591.34,591.34,Government
ORD-10733,2025-06-14,Snapdragon Laptop X1,Electronics,Delhi NCR,2,1264.36,2528.72,Enterprise
ORD-10734,2025-03-08,SnapInsight Pro Enterprise,Software & Cloud,Hyderabad,1,748.64,748.64,SMB
ORD-10735,2025-10-20,Annual Support Package,Services,Pune,2,556.71,1113.42,Government
ORD-10736,2025-04-24,Snapdragon Laptop X1,Electronics,Mumbai,5,1282.25,6411.25,Individual
ORD-10737,2025-02-10,Annual Support Package,Services,Pune,1,630.91,630.91,Individual
ORD-10738,2025-01-30,Thunderbolt 4 Dock,Accessories,Bengaluru,3,192.8,578.4,Enterprise
ORD-10739,2025-09-23,Snapdragon Laptop X1,Electronics,Pune,3,1140.38,3421.14,Individual
ORD-10740,2025-09-27,Cloud Analytics Suite,Software & Cloud,Pune,2,519.69,1039.38,Individual
ORD-10741,2025-11-23,Laptop Stand Aluminum,Accessories,Hyderabad,3,37.87,113.61,Enterprise
ORD-10742,2025-04-03,Annual Support Package,Services,Mumbai,1,641.62,641.62,Individual
ORD-10743,2025-06-11,Noise-Canceling Headset,Accessories,Chennai,2,157.83,315.66,Individual
ORD-10744,2025-06-15,Cloud Analytics Suite,Software & Cloud,Pune,1,488.8,488.8,Government
ORD-10745,2025-08-20,Data Pipeline Setup,Services,Delhi NCR,1,964.56,964.56,Government
ORD-10746,2025-09-23,Security Shield v4,Software & Cloud,Mumbai,1,264.23,264.23,SMB
ORD-10747,2025-01-12,USB-C Fast Charger 100W,Accessories,Hyderabad,1,51.97,51.97,Government
ORD-10748,2025-05-16,USB-C Fast Charger 100W,Accessories,Bengaluru,1,55.62,55.62,Enterprise
ORD-10749,2025-10-19,SnapInsight Pro Enterprise,Software & Cloud,Hyderabad,3,798.5,2395.5,SMB
ORD-10750,2025-12-20,Mechanical Keyboard Pro,Electronics,Delhi NCR,2,88.59,177.18,Individual
ORD-10751,2025-01-29,Noise-Canceling Headset,Accessories,Hyderabad,4,160.33,641.32,Individual
ORD-10752,2025-03-03,SnapInsight Pro Enterprise,Software & Cloud,Chennai,2,742.93,1485.86,Individual
ORD-10753,2025-09-26,UltraVision Monitor 27,Electronics,Mumbai,2,350.13,700.26,Government
ORD-10754,2025-04-24,SnapInsight Pro Enterprise,Software & Cloud,Hyderabad,3,832.36,2497.08,Individual
ORD-10755,2025-10-22,Qualcomm AI DevKit,Electronics,Hyderabad,2,423.52,847.04,SMB
ORD-10756,2025-02-12,Annual Support Package,Services,Pune,3,577.21,1731.63,Individual
ORD-10757,2025-07-24,Annual Support Package,Services,Mumbai,1,605.69,605.69,Individual
ORD-10758,2025-09-07,Annual Support Package,Services,Pune,2,575.26,1150.52,SMB
ORD-10759,2025-05-17,Data Pipeline Setup,Services,Pune,3,891.1,2673.3,Enterprise
ORD-10760,2025-07-31,Data Pipeline Setup,Services,Bengaluru,1,964.27,964.27,Government
ORD-10761,2025-01-13,USB-C Fast Charger 100W,Accessories,Pune,10,56.08,560.8,Individual
ORD-10762,2025-08-14,Qualcomm AI DevKit,Electronics,Bengaluru,1,468.56,468.56,SMB
ORD-10763,2025-02-13,Snapdragon Laptop X1,Electronics,Pune,1,1270.8,1270.8,SMB
ORD-10764,2025-05-28,UltraVision Monitor 27,Electronics,Delhi NCR,3,347.2,1041.6,Government
ORD-10765,2025-01-12,USB-C Fast Charger 100W,Accessories,Mumbai,3,55.41,166.23,SMB
ORD-10766,2025-05-13,Annual Support Package,Services,Mumbai,3,588.15,1764.45,Enterprise
ORD-10767,2025-12-06,UltraVision Monitor 27,Electronics,Bengaluru,1,366.19,366.19,SMB
ORD-10768,2025-11-13,Thunderbolt 4 Dock,Accessories,  Mumbai  ,2,176.79,353.58,Enterprise
ORD-10769,2025-05-19,Thunderbolt 4 Dock,Accessories,Chennai,1,172.26,172.26,Individual
ORD-10770,2025-07-14,UltraVision Monitor 27,Electronics,Pune,2,332.44,664.88,Enterprise
ORD-10771,2025-09-14,Annual Support Package,Services,Delhi NCR,5,575.75,2878.75,Enterprise
ORD-10772,2025-09-29,Noise-Canceling Headset,Accessories,Chennai,2,138.44,276.88,SMB
ORD-10773,2025-12-17,Noise-Canceling Headset,Accessories,Mumbai,2,157.49,314.98,Government
ORD-10774,2025-11-17,Laptop Stand Aluminum,Accessories,Delhi NCR,5,38.24,191.2,Government
ORD-10775,2025-06-24,Annual Support Package,Services,Chennai,1,601.99,601.99,Individual
ORD-10776,2025-12-14,Data Sync Plugin,Software & Cloud,Mumbai,1,129.03,129.03,Individual
ORD-10777,2025-11-06,Laptop Stand Aluminum,Accessories,Mumbai,2,40.52,81.04,SMB
ORD-10778,2025-12-17,Cloud Analytics Suite,Software & Cloud,Chennai,1,494.41,494.41,SMB
ORD-10779,2025-03-16,Security Shield v4,Software & Cloud,Pune,1,237.37,237.37,Enterprise
ORD-10780,2025-03-16,UltraVision Monitor 27,Electronics,Hyderabad,5,338.99,1694.95,Individual
ORD-10781,2025-11-23,USB-C Fast Charger 100W,Accessories,Delhi NCR,3,52.23,156.69,SMB
ORD-10782,2025-11-10,USB-C Fast Charger 100W,Accessories,Mumbai,2,53.76,107.52,Enterprise
ORD-10783,2025-12-19,AI Implementation Consulting,Services,Pune,2,1550.88,3101.76,Individual
ORD-10784,2025-07-11,Data Sync Plugin,Software & Cloud,Mumbai,2,114.11,228.22,SMB
ORD-10785,2025-01-17,AI Implementation Consulting,Services,Hyderabad,5,1558.17,7790.85,SMB
ORD-10786,2025-04-14,SnapInsight Pro Enterprise,Software & Cloud,Hyderabad,1,824.05,824.05,Individual
ORD-10787,2025-08-23,Data Sync Plugin,Software & Cloud,Delhi NCR,2,124.23,248.46,Individual
ORD-10788,2025-07-21,Mechanical Keyboard Pro,Electronics,Hyderabad,1,100.74,100.74,Enterprise
ORD-10789,2025-05-06,Annual Support Package,Services,Hyderabad,1,570.23,570.23,Enterprise
ORD-10790,2025-08-14,Data Pipeline Setup,Services,Bengaluru,3,899.31,2697.93,Individual
ORD-10791,2025-05-31,Mechanical Keyboard Pro,Electronics,Hyderabad,5,88.77,443.85,Individual
ORD-10792,2025-09-14,Qualcomm AI DevKit,Electronics,Chennai,3,442.3,1326.9,SMB
ORD-10793,2025-06-15,AI Implementation Consulting,Services,Pune,1,1591.81,1591.81,SMB
ORD-10794,2025-02-16,Noise-Canceling Headset,Accessories,Chennai,3,155.24,465.72,SMB
ORD-10795,2025-03-05,Snapdragon Laptop X1,Electronics,Chennai,3,1120.38,3361.14,Government
ORD-10796,2025-07-16,Data Sync Plugin,Software & Cloud,Delhi NCR,2,127.92,255.84,SMB
ORD-10797,2025-10-17,Cloud Analytics Suite,Software & Cloud,Mumbai,4,493.57,1974.28,Enterprise
ORD-10798,2025-06-08,Data Pipeline Setup,Services,Delhi NCR,2,1019.99,2039.98,SMB
ORD-10799,2025-01-02,Thunderbolt 4 Dock,Accessories,Hyderabad,2,183.11,366.22,Enterprise
ORD-10800,2025-09-10,Cloud Analytics Suite,Software & Cloud,Hyderabad,2,492.81,985.62,Individual
ORD-10801,2025-02-10,Qualcomm AI DevKit,Electronics,Bengaluru,5,417.52,2087.6,SMB
ORD-10802,2025-03-17,UltraVision Monitor 27,Electronics,Delhi NCR,1,340.54,340.54,
ORD-10803,2025-02-14,Snapdragon Laptop X1,Electronics,Mumbai,2,1233.04,2466.08,SMB
ORD-10804,2025-11-09,Data Sync Plugin,Software & Cloud,Bengaluru,3,112.19,336.57,Enterprise
ORD-10805,2025-06-03,Noise-Canceling Headset,Accessories,Delhi NCR,5,158.24,791.2,Individual
ORD-10806,2025-02-03,Laptop Stand Aluminum,Accessories,Chennai,1,38.91,38.91,Government
ORD-10807,2025-07-31,Cloud Analytics Suite,Software & Cloud,Delhi NCR,2,498.69,997.38,Enterprise
ORD-10808,2025-12-19,Laptop Stand Aluminum,Accessories,Bengaluru,2,40.16,80.32,Government
ORD-10809,2025-11-16,USB-C Fast Charger 100W,Accessories,Hyderabad,2,54.93,109.86,Individual
ORD-10810,2025-04-03,Security Shield v4,Software & Cloud,Delhi NCR,10,230.96,2309.6,Enterprise
ORD-10811,2025-11-17,Qualcomm AI DevKit,Electronics,Hyderabad,3,417.28,1251.84,Individual
ORD-10812,2025-06-29,SnapInsight Pro Enterprise,Software & Cloud,Chennai,2,768.57,1537.14,Government
ORD-10813,2025-02-04,Noise-Canceling Headset,Accessories,Bengaluru,2,140.73,281.46,Enterprise
ORD-10814,2025-06-20,Laptop Stand Aluminum,Accessories,Pune,3,42.13,126.39,Enterprise
ORD-10815,2025-04-10,Noise-Canceling Headset,Accessories,Hyderabad,5,157.13,785.65,Individual
ORD-10816,2025-11-27,Data Sync Plugin,Software & Cloud,Hyderabad,1,119.28,119.28,Government
ORD-10817,2025-07-31,Mechanical Keyboard Pro,Electronics,Chennai,1,95.84,95.84,Government
ORD-10818,2025-01-10,Security Shield v4,Software & Cloud,Bengaluru,3,268.78,806.34,Enterprise
ORD-10819,2025-05-24,UltraVision Monitor 27,Electronics,Chennai,10,353.97,3539.7,SMB
ORD-10820,2025-07-19,SnapInsight Pro Enterprise,Software & Cloud,Bengaluru,4,826.86,3307.44,Government
ORD-10821,2025-05-20,AI Implementation Consulting,Services,Mumbai,2,1488.46,2976.92,Government
ORD-10822,2025-06-04,Security Shield v4,Software & Cloud,Bengaluru,1,261.11,261.11,Enterprise
ORD-10823,2025-02-17,Annual Support Package,Services,Hyderabad,1,570.26,570.26,SMB
ORD-10824,2025-09-05,Noise-Canceling Headset,Accessories,Delhi NCR,1,142.92,142.92,SMB
ORD-10825,2025-01-19,Data Pipeline Setup,Services,Pune,3,874.62,2623.86,Enterprise
ORD-10826,2025-01-23,UltraVision Monitor 27,Electronics,Delhi NCR,2,351.15,702.3,Enterprise
ORD-10827,2025-12-04,Thunderbolt 4 Dock,Accessories,Bengaluru,2,174.84,349.68,SMB
ORD-10828,2025-04-09,Noise-Canceling Headset,Accessories,Hyderabad,2,144.54,289.08,Enterprise
ORD-10829,2025-03-22,Thunderbolt 4 Dock,Accessories,Pune,1,171.55,171.55,Enterprise
ORD-10830,2025-06-29,Noise-Canceling Headset,Accessories,Chennai,1,151.78,151.78,Government
ORD-10831,2025-03-29,UltraVision Monitor 27,Electronics,Bengaluru,2,324.84,649.68,Individual
ORD-10832,2025-01-15,Annual Support Package,Services,Hyderabad,1,560.27,560.27,Enterprise
ORD-10833,2025-07-20,Data Sync Plugin,Software & Cloud,Bengaluru,2,126.09,252.18,Government
ORD-10834,2025-12-10,Wireless Ergonomic Mouse,Electronics,Delhi NCR,2,42.1,84.2,Individual
ORD-10835,2025-06-08,Data Pipeline Setup,Services,Mumbai,1,1004.89,1004.89,SMB
ORD-10836,2025-11-12,Noise-Canceling Headset,Accessories,Chennai,1,156.93,156.93,Government
ORD-10837,2025-06-16,Data Pipeline Setup,Services,Hyderabad,1,927.42,927.42,Enterprise
ORD-10838,2025-08-25,Security Shield v4,Software & Cloud,Pune,3,250.32,750.96,SMB
ORD-10839,2025-07-27,UltraVision Monitor 27,Electronics,Delhi NCR,2,351.83,703.66,Government
ORD-10840,2025-07-25,AI Implementation Consulting,Services,Pune,2,1613.73,3227.46,SMB
ORD-10841,2025-07-16,UltraVision Monitor 27,Electronics,Chennai,1,365.92,365.92,Individual
ORD-10842,2025-08-11,USB-C Fast Charger 100W,Accessories,Chennai,1,57.11,57.11,Enterprise
ORD-10843,2025-10-21,AI Implementation Consulting,Services,Hyderabad,2,1513.22,3026.44,Government
ORD-10844,2025-08-16,Security Shield v4,Software & Cloud,Delhi NCR,8,257.42,2059.36,Enterprise
ORD-10845,2025-11-02,Data Pipeline Setup,Services,Chennai,2,887.76,1775.52,Enterprise
ORD-10846,2025-03-13,Qualcomm AI DevKit,Electronics,Hyderabad,3,442.08,1326.24,Government
ORD-10847,2025-10-23,AI Implementation Consulting,Services,Bengaluru,1,1516.87,1516.87,Government
ORD-10848,2025-12-14,Laptop Stand Aluminum,Accessories,Bengaluru,3,40.53,121.59,Enterprise
ORD-10849,2025-11-10,AI Implementation Consulting,Services,Delhi NCR,4,1596.26,6385.04,Government
ORD-10850,2025-01-28,Mechanical Keyboard Pro,Electronics,Bengaluru,4,100.49,401.96,Enterprise
ORD-10851,2025-01-16,Data Sync Plugin,Software & Cloud,Hyderabad,3,124.07,372.21,Government
ORD-10852,2025-07-27,Data Pipeline Setup,Services,Chennai,2,946.18,1892.36,SMB
ORD-10853,2025-04-07,Data Pipeline Setup,Services,Mumbai,4,1025.61,4102.44,Government
ORD-10854,2025-12-10,Cloud Analytics Suite,Software & Cloud,Chennai,1,471.52,471.52,Enterprise
ORD-10855,2025-09-07,AI Implementation Consulting,Services,Chennai,1,1586.44,1586.44,Individual
ORD-10856,2025-12-23,Annual Support Package,Services,Pune,1,605.0,605.0,Individual
ORD-10857,2025-08-19,Data Pipeline Setup,Services,Hyderabad,1,961.85,961.85,Enterprise
ORD-10858,2025-05-02,Laptop Stand Aluminum,Accessories,Pune,5,37.01,185.05,Government
ORD-10859,2025-01-20,Annual Support Package,Services,Pune,1,644.33,644.33,Individual
ORD-10860,2025-02-10,Security Shield v4,Software & Cloud,Delhi NCR,2,239.81,479.62,Enterprise
ORD-10861,2025-11-19,Mechanical Keyboard Pro,Electronics,Bengaluru,3,101.13,303.39,Enterprise
ORD-10862,2025-10-01,Wireless Ergonomic Mouse,Electronics,Hyderabad,2,44.43,88.86,Government
ORD-10863,2025-05-31,USB-C Fast Charger 100W,Accessories,Pune,1,57.0,57.0,Government
ORD-10864,2025-10-16,Thunderbolt 4 Dock,Accessories,Pune,2,182.1,364.2,SMB
ORD-10865,2025-12-03,Thunderbolt 4 Dock,Accessories,Delhi NCR,1,180.16,180.16,SMB
ORD-10866,2025-05-23,USB-C Fast Charger 100W,Accessories,Bengaluru,2,50.72,101.44,Government
ORD-10867,2025-02-27,Cloud Analytics Suite,Software & Cloud,Bengaluru,3,480.9,1442.7,SMB
ORD-10868,2025-12-25,Data Sync Plugin,Software & Cloud,Pune,1,116.98,116.98,Enterprise
ORD-10869,2025-02-13,Cloud Analytics Suite,Software & Cloud,Hyderabad,4,479.04,1916.16,Individual
ORD-10870,2025-08-14,Cloud Analytics Suite,Software & Cloud,Bengaluru,2,511.38,1022.76,Enterprise
ORD-10871,2025-03-01,Qualcomm AI DevKit,Electronics,Hyderabad,2,448.29,896.58,Government
ORD-10872,2025-09-30,Data Sync Plugin,Software & Cloud,Hyderabad,3,115.44,346.32,Individual
ORD-10873,2025-09-29,AI Implementation Consulting,Services,Hyderabad,1,1542.84,1542.84,Individual
ORD-10874,2025-09-29,Snapdragon Laptop X1,Electronics,Chennai,5,1287.59,6437.95,Government
ORD-10875,2025-08-10,Noise-Canceling Headset,Accessories,Delhi NCR,1,153.7,153.7,Government
ORD-10876,2025-07-20,Annual Support Package,Services,Chennai,3,601.92,1805.76,SMB
ORD-10877,2025-12-13,Security Shield v4,Software & Cloud,Chennai,2,263.27,526.54,Enterprise
ORD-10878,2025-01-07,AI Implementation Consulting,Services,Chennai,2,1464.36,2928.72,Individual
ORD-10879,2025-05-26,USB-C Fast Charger 100W,Accessories,Pune,1,51.1,51.1,Enterprise
ORD-10880,2025-11-01,SnapInsight Pro Enterprise,Software & Cloud,Delhi NCR,3,845.62,2536.86,Enterprise
ORD-10881,2025-03-08,Annual Support Package,Services,Chennai,3,638.02,1914.06,SMB
ORD-10882,2025-12-23,Security Shield v4,Software & Cloud,Chennai,1,255.55,255.55,Enterprise
ORD-10883,2025-05-22,Annual Support Package,Services,Bengaluru,5,567.55,2837.75,Government
ORD-10884,2025-02-07,Thunderbolt 4 Dock,Accessories,Bengaluru,1,173.04,173.04,Enterprise
ORD-10885,2025-05-16,Data Sync Plugin,Software & Cloud,Mumbai,1,113.83,113.83,Individual
ORD-10886,2025-09-09,Qualcomm AI DevKit,Electronics,Hyderabad,2,458.21,916.42,SMB
ORD-10887,2025-02-24,Annual Support Package,Services,Delhi NCR,1,558.76,558.76,Enterprise
ORD-10888,2025-05-09,AI Implementation Consulting,Services,Mumbai,5,1603.89,8019.45,Enterprise
ORD-10889,2025-12-07,Data Pipeline Setup,Services,Bengaluru,1,961.35,961.35,Individual
ORD-10890,2025-09-21,Data Pipeline Setup,Services,Chennai,2,956.1,1912.2,Enterprise
ORD-10891,2025-01-02,Annual Support Package,Services,Hyderabad,4,606.46,2425.84,Enterprise
ORD-10892,2025-07-03,Noise-Canceling Headset,Accessories,Chennai,2,146.77,293.54,Enterprise
ORD-10893,2025-06-24,Wireless Ergonomic Mouse,Electronics,Bengaluru,3,42.67,128.01,SMB
ORD-10894,2025-01-21,Annual Support Package,Services,Chennai,1,638.06,638.06,Individual
ORD-10895,2025-11-19,Laptop Stand Aluminum,Accessories,Chennai,1,41.51,41.51,Individual
ORD-10896,2025-03-13,Qualcomm AI DevKit,Electronics,Pune,1,449.22,449.22,SMB
ORD-10897,2025-02-02,Laptop Stand Aluminum,Accessories,Hyderabad,2,37.04,74.08,Enterprise
ORD-10898,2025-01-29,Thunderbolt 4 Dock,Accessories,Mumbai,2,192.67,385.34,Individual
ORD-10899,2025-10-02,Cloud Analytics Suite,Software & Cloud,Delhi NCR,5,499.11,2495.55,SMB
ORD-10900,2025-01-10,Annual Support Package,Services,Chennai,1,553.38,553.38,SMB
ORD-10901,2025-11-20,UltraVision Monitor 27,Electronics,Delhi NCR,4,356.23,1424.92,Individual
ORD-10902,2025-10-30,Snapdragon Laptop X1,Electronics,Pune,1,1116.12,1116.12,SMB
ORD-10903,2025-04-14,Data Pipeline Setup,Services,Chennai,4,923.28,3693.12,Individual
ORD-10904,2025-12-17,Security Shield v4,Software & Cloud,Mumbai,4,253.72,1014.88,Enterprise
ORD-10905,2025-06-21,Snapdragon Laptop X1,Electronics,Hyderabad,1,1237.69,1237.69,SMB
ORD-10906,2025-10-11,Data Sync Plugin,Software & Cloud,Pune,1,112.96,112.96,Enterprise
ORD-10907,2025-11-20,AI Implementation Consulting,Services,Hyderabad,1,1381.52,1381.52,Enterprise
ORD-10908,2025-04-02,Mechanical Keyboard Pro,Electronics,Hyderabad,5,97.92,489.6,Individual
ORD-10909,2025-04-16,Security Shield v4,Software & Cloud,Hyderabad,2,267.52,535.04,SMB
ORD-10910,2025-11-09,Mechanical Keyboard Pro,Electronics,Hyderabad,1,96.93,96.93,Enterprise
ORD-10911,2025-06-04,Laptop Stand Aluminum,Accessories,Mumbai,1,37.55,37.55,SMB
ORD-10912,2025-09-29,Mechanical Keyboard Pro,Electronics,Pune,1,94.46,94.46,SMB
ORD-10913,2025-11-17,Security Shield v4,Software & Cloud,Delhi NCR,1,257.41,257.41,SMB
ORD-10914,2025-08-31,AI Implementation Consulting,Services,Delhi NCR,1,1534.77,1534.77,Enterprise
ORD-10915,2025-05-26,Data Sync Plugin,Software & Cloud,Pune,1,111.23,111.23,Individual
ORD-10916,2025-01-27,Cloud Analytics Suite,Software & Cloud,Hyderabad,3,465.67,1397.01,Enterprise
ORD-10917,2025-05-01,Annual Support Package,Services,Hyderabad,2,623.72,1247.44,SMB
ORD-10918,2025-06-16,SnapInsight Pro Enterprise,Software & Cloud,Delhi NCR,1,830.43,830.43,SMB
ORD-10919,2025-04-13,AI Implementation Consulting,Services,Pune,1,1393.04,1393.04,Individual
ORD-10920,2025-08-12,Cloud Analytics Suite,Software & Cloud,Hyderabad,5,490.99,2454.95,SMB
ORD-10921,2025-03-11,Annual Support Package,Services,Bengaluru,1,571.41,571.41,Government
ORD-10922,2025-03-07,Mechanical Keyboard Pro,Electronics,Mumbai,1,100.35,100.35,Enterprise
ORD-10923,2025-08-23,AI Implementation Consulting,Services,Mumbai,3,1524.87,4574.61,Government
ORD-10924,2025-11-23,Cloud Analytics Suite,Software & Cloud,Pune,1,528.98,528.98,Individual
ORD-10925,2025-04-21,Data Pipeline Setup,Services,Chennai,1,985.9,985.9,Individual
ORD-10926,2025-05-07,Security Shield v4,Software & Cloud,Mumbai,2,266.55,533.1,SMB
ORD-10927,2025-01-03,AI Implementation Consulting,Services,Hyderabad,1,1482.17,1482.17,Enterprise
ORD-10928,2025-07-21,Annual Support Package,Services,Hyderabad,4,575.09,2300.36,Individual
ORD-10929,2025-10-13,Wireless Ergonomic Mouse,Electronics,Mumbai,8,43.53,348.24,Government
ORD-10930,2025-11-28,Snapdragon Laptop X1,Electronics,Bengaluru,2,1239.03,2478.06,SMB
ORD-10931,2025-10-20,Wireless Ergonomic Mouse,Electronics,Mumbai,2,42.73,85.46,Individual
ORD-10932,2025-07-09,Annual Support Package,Services,Chennai,2,588.95,1177.9,Enterprise
ORD-10933,2025-12-20,Thunderbolt 4 Dock,Accessories,Bengaluru,1,188.29,188.29,SMB
ORD-10934,2025-02-11,Thunderbolt 4 Dock,Accessories,Chennai,2,191.17,382.34,Government
ORD-10935,2025-02-26,Data Pipeline Setup,Services,Delhi NCR,2,929.7,1859.4,Government
ORD-10936,2025-11-28,Mechanical Keyboard Pro,Electronics,Mumbai,3,102.32,306.96,SMB
ORD-10937,2025-05-03,Wireless Ergonomic Mouse,Electronics,Pune,3,46.82,140.46,SMB
ORD-10938,2025-04-26,Noise-Canceling Headset,Accessories,Pune,5,144.65,723.25,Individual
ORD-10939,2025-02-02,Noise-Canceling Headset,Accessories,Pune,2,149.28,298.56,Enterprise
ORD-10940,2025-09-30,Laptop Stand Aluminum,Accessories,Chennai,2,38.01,76.02,Enterprise
ORD-10941,2025-08-23,Snapdragon Laptop X1,Electronics,Mumbai,1,1287.99,1287.99,Government
ORD-10942,2025-02-09,Qualcomm AI DevKit,Electronics,Chennai,1,,449.74,SMB
ORD-10943,2025-04-15,UltraVision Monitor 27,Electronics,Chennai,2,348.54,697.08,SMB
ORD-10944,2025-08-04,Annual Support Package,Services,Bengaluru,2,558.04,1116.08,SMB
ORD-10945,2025-04-29,Laptop Stand Aluminum,Accessories,Chennai,2,39.91,79.82,Government
ORD-10946,2025-12-07,Data Pipeline Setup,Services,Mumbai,1,900.1,900.1,Government
ORD-10947,2025-05-14,Data Sync Plugin,Software & Cloud,Bengaluru,1,113.25,113.25,Enterprise
ORD-10948,2025-05-26,AI Implementation Consulting,Services,Mumbai,2,1423.75,2847.5,Government
ORD-10949,2025-03-31,Cloud Analytics Suite,Software & Cloud,Delhi NCR,1,505.96,505.96,Government
ORD-10950,2025-08-14,Noise-Canceling Headset,Accessories,Pune,1,153.97,153.97,Enterprise
ORD-10951,2025-06-26,Security Shield v4,Software & Cloud,Mumbai,2,234.86,469.72,Government
ORD-10952,2025-01-13,Data Pipeline Setup,Services,Hyderabad,3,897.72,2693.16,Government
ORD-10953,2025-10-07,Noise-Canceling Headset,Accessories,Bengaluru,2,157.19,314.38,SMB
ORD-10954,2025-08-15,Thunderbolt 4 Dock,Accessories,Delhi NCR,3,185.13,555.39,SMB
ORD-10955,2025-03-01,Thunderbolt 4 Dock,Accessories,Mumbai,2,175.89,351.78,Individual
ORD-10956,2025-06-17,Mechanical Keyboard Pro,Electronics,Pune,2,99.28,198.56,SMB
ORD-10957,2025-05-23,SnapInsight Pro Enterprise,Software & Cloud,Hyderabad,1,860.91,860.91,Enterprise
ORD-10958,2025-07-21,Data Sync Plugin,Software & Cloud,Pune,1,127.84,127.84,Enterprise
ORD-10959,2025-07-04,AI Implementation Consulting,Services,Hyderabad,3,1472.67,4418.01,Government
ORD-10960,2025-01-07,Noise-Canceling Headset,Accessories,Hyderabad,1,143.18,143.18,Enterprise
ORD-10961,2025-08-16,Data Pipeline Setup,Services,Chennai,1,984.75,984.75,Individual
ORD-10962,2025-08-01,SnapInsight Pro Enterprise,Software & Cloud,Bengaluru,1,862.51,862.51,Individual
ORD-10963,2025-09-26,Thunderbolt 4 Dock,Accessories,Pune,5,168.15,840.75,Individual
ORD-10964,2025-07-29,Laptop Stand Aluminum,Accessories,Hyderabad,1,38.08,38.08,SMB
ORD-10965,2025-07-15,Laptop Stand Aluminum,Accessories,Bengaluru,1,39.96,39.96,Government
ORD-10966,2025-08-26,SnapInsight Pro Enterprise,Software & Cloud,Mumbai,3,774.42,2323.26,Government
ORD-10967,2025-11-24,AI Implementation Consulting,Services,Bengaluru,3,1423.05,4269.15,Individual
ORD-10968,2025-12-19,SnapInsight Pro Enterprise,Software & Cloud,Bengaluru,1,863.27,863.27,Individual
ORD-10969,2025-02-04,Laptop Stand Aluminum,Accessories,Bengaluru,2,43.04,86.08,Individual
ORD-10970,2025-03-03,Thunderbolt 4 Dock,Accessories,Mumbai,4,169.81,679.24,Enterprise
ORD-10971,2025-08-25,Security Shield v4,Software & Cloud,Bengaluru,1,246.78,246.78,Government
ORD-10972,2025-07-02,UltraVision Monitor 27,Electronics,Chennai,1,350.78,350.78,Enterprise
ORD-10973,2025-11-18,SnapInsight Pro Enterprise,Software & Cloud,Mumbai,2,847.67,1695.34,Government
ORD-10974,2025-12-17,Noise-Canceling Headset,Accessories,Chennai,3,140.3,420.9,Government
ORD-10975,2025-10-24,USB-C Fast Charger 100W,Accessories,Pune,1,53.88,53.88,Government
ORD-10976,2025-09-06,Data Pipeline Setup,Services,Mumbai,5,907.12,4535.6,Enterprise
ORD-10977,2025-09-15,Cloud Analytics Suite,Software & Cloud,Pune,3,493.39,1480.17,Enterprise
ORD-10978,2025-02-09,Qualcomm AI DevKit,Electronics,Hyderabad,5,436.43,2182.15,Government
ORD-10979,2025-07-05,Data Sync Plugin,Software & Cloud,Pune,5,113.71,568.55,Government
ORD-10980,2025-06-05,Snapdragon Laptop X1,Electronics,Chennai,1,1236.11,1236.11,SMB
ORD-10981,2025-06-07,Cloud Analytics Suite,Software & Cloud,Delhi NCR,1,515.27,515.27,Individual
ORD-10982,2025-02-27,Snapdragon Laptop X1,Electronics,Hyderabad,3,1141.7,3425.1,Enterprise
ORD-10983,2025-01-17,Wireless Ergonomic Mouse,Electronics,Bengaluru,1,41.88,41.88,Enterprise
ORD-10984,2025-12-08,Snapdragon Laptop X1,Electronics,Pune,3,1216.82,3650.46,SMB
ORD-10985,2025-04-13,Security Shield v4,Software & Cloud,Mumbai,1,267.95,267.95,Government
ORD-10986,2025-06-28,USB-C Fast Charger 100W,Accessories,Chennai,4,55.04,220.16,SMB
ORD-10987,2025-02-04,Mechanical Keyboard Pro,Electronics,Pune,3,,294.84,SMB
ORD-10988,2025-05-25,SnapInsight Pro Enterprise,Software & Cloud,Delhi NCR,10,853.82,8538.2,SMB
ORD-10989,2025-09-01,USB-C Fast Charger 100W,Accessories,Delhi NCR,2,57.95,115.9,SMB
ORD-10990,2025-07-14,AI Implementation Consulting,Services,Hyderabad,2,1562.74,3125.48,Enterprise
ORD-10991,2025-06-10,Wireless Ergonomic Mouse,Electronics,Mumbai,1,46.89,46.89,Individual
ORD-10992,2025-12-27,Thunderbolt 4 Dock,Accessories,Hyderabad,1,176.68,2600.6303348624647,Enterprise
ORD-10993,2025-08-22,Laptop Stand Aluminum,Accessories,Hyderabad,1,43.1,43.1,Government
ORD-10994,2025-08-08,SnapInsight Pro Enterprise,Software & Cloud,Hyderabad,5,758.95,3794.75,Government
ORD-10995,2025-12-12,Annual Support Package,Services,Hyderabad,1,563.44,563.44,Enterprise
ORD-10996,2025-07-22,Annual Support Package,Services,Delhi NCR,2,558.21,1116.42,SMB
ORD-10997,2025-04-12,USB-C Fast Charger 100W,Accessories,Hyderabad,2,52.65,105.3,Enterprise
ORD-10998,2025-08-06,Data Pipeline Setup,Services,Pune,3,988.96,2966.88,Government
ORD-10999,2025-11-26,Data Pipeline Setup,Services,Pune,2,1024.1,2048.2,Individual
ORD-11000,2025-09-19,USB-C Fast Charger 100W,Accessories,Delhi NCR,3,52.81,158.43,Enterprise
ORD-11001,2025-09-12,Cloud Analytics Suite,Software & Cloud,Chennai,1,526.42,526.42,Enterprise
ORD-11002,2025-09-13,Qualcomm AI DevKit,Electronics,Chennai,1,425.0,425.0,Government
ORD-11003,2025-11-15,Snapdragon Laptop X1,Electronics,Pune,3,1256.2,3768.6,Individual
ORD-11004,2025-04-14,Laptop Stand Aluminum,Accessories,Bengaluru,2,41.98,83.96,Government
ORD-11005,2025-10-04,Snapdragon Laptop X1,Electronics,Delhi NCR,15,1190.42,17856.3,Individual
ORD-11006,2025-07-12,Data Pipeline Setup,Services,Mumbai,1,1008.47,1008.47,Government
ORD-11007,2025-03-26,Data Pipeline Setup,Services,Chennai,1,948.09,948.09,Individual
ORD-11008,2025-02-26,Annual Support Package,Services,Pune,2,597.69,1195.38,Individual
ORD-11009,2025-03-22,Wireless Ergonomic Mouse,Electronics,Pune,1,45.84,45.84,Individual
ORD-11010,2025-06-30,Noise-Canceling Headset,Accessories,Pune,1,141.08,141.08,Enterprise
ORD-11011,2025-07-07,Thunderbolt 4 Dock,Accessories,Chennai,3,176.56,529.68,Government
ORD-11012,2025-08-08,Noise-Canceling Headset,Accessories,Delhi NCR,2,143.94,287.88,SMB
ORD-11013,2025-11-28,Thunderbolt 4 Dock,Accessories,Delhi NCR,5,168.9,844.5,Government
ORD-11014,2025-03-28,Mechanical Keyboard Pro,Electronics,Hyderabad,1,96.03,96.03,Individual
ORD-11015,2025-08-04,Thunderbolt 4 Dock,Accessories,Pune,3,193.99,581.97,Enterprise
ORD-11016,2025-07-13,Data Pipeline Setup,Services,Hyderabad,2,979.01,1958.02,Enterprise
ORD-11017,2025-04-16,Laptop Stand Aluminum,Accessories,Chennai,2,37.87,75.74,Government
ORD-11018,2025-06-03,Laptop Stand Aluminum,Accessories,Chennai,1,42.18,42.18,Enterprise
ORD-11019,2025-10-02,Security Shield v4,Software & Cloud,Bengaluru,1,262.18,262.18,Individual
ORD-11020,2025-11-16,Mechanical Keyboard Pro,Electronics,Bengaluru,1,88.42,88.42,Government
ORD-11021,2025-09-29,Data Pipeline Setup,Services,Delhi NCR,1,950.71,950.71,Government
ORD-11022,2025-06-03,Annual Support Package,Services,Mumbai,2,590.62,1181.24,Individual
ORD-11023,2025-11-16,Annual Support Package,Services,Mumbai,3,612.27,1836.81,Enterprise
ORD-11024,2025-09-22,Data Sync Plugin,Software & Cloud,Chennai,1,115.54,115.54,Individual
ORD-11025,2025-11-23,Annual Support Package,Services,Delhi NCR,3,586.97,1760.91,SMB
ORD-11026,2025-03-17,Cloud Analytics Suite,Software & Cloud,Bengaluru,3,492.82,1478.46,Individual
ORD-11027,2025-02-02,Data Sync Plugin,Software & Cloud,Bengaluru,1,115.32,115.32,SMB
ORD-11028,2025-11-04,Data Sync Plugin,Software & Cloud,Mumbai,1,110.93,110.93,SMB
ORD-11029,2025-06-08,Data Pipeline Setup,Services,Hyderabad,2,972.33,1944.66,Individual
ORD-11030,2025-01-19,Cloud Analytics Suite,Software & Cloud,Delhi NCR,1,523.17,523.17,Government
ORD-11031,2025-05-23,SnapInsight Pro Enterprise,Software & Cloud,Hyderabad,8,743.08,5944.64,Enterprise
ORD-11032,2025-02-12,Noise-Canceling Headset,Accessories,Hyderabad,4,154.12,616.48,Government
ORD-11033,2025-02-16,Annual Support Package,Services,Mumbai,4,606.81,2427.24,Enterprise
ORD-11034,2025-09-14,Mechanical Keyboard Pro,Electronics,Pune,3,94.95,284.85,Government
ORD-11035,2025-02-16,SnapInsight Pro Enterprise,Software & Cloud,Bengaluru,3,842.54,2527.62,Government
ORD-11036,2025-07-19,Data Sync Plugin,Software & Cloud,Delhi NCR,1,114.51,114.51,SMB
ORD-11037,2025-05-21,Data Pipeline Setup,Services,Pune,1,948.53,948.53,Enterprise
ORD-11038,2025-07-11,UltraVision Monitor 27,Electronics,Hyderabad,2,375.95,751.9,SMB
ORD-11039,2025-03-16,Laptop Stand Aluminum,Accessories,Bengaluru,3,40.93,122.79,Enterprise
ORD-11040,2025-11-07,Snapdragon Laptop X1,Electronics,Chennai,3,1152.57,3457.71,SMB
ORD-11041,2025-07-16,Noise-Canceling Headset,Accessories,Chennai,5,150.84,754.2,Enterprise
ORD-11042,2025-05-02,Data Pipeline Setup,Services,Hyderabad,1,919.73,919.73,Government
ORD-11043,2025-05-01,USB-C Fast Charger 100W,Accessories,Mumbai,4,56.16,224.64,Individual
ORD-11044,2025-11-26,AI Implementation Consulting,Services,Delhi NCR,1,1493.06,1493.06,Individual
ORD-11045,2025-07-31,Laptop Stand Aluminum,Accessories,Delhi NCR,4,41.27,165.08,SMB
ORD-11046,2025-09-17,UltraVision Monitor 27,Electronics,Chennai,2,347.38,694.76,Government
ORD-11047,2025-01-15,Qualcomm AI DevKit,Electronics,Chennai,2,414.22,828.44,SMB
ORD-11048,2025-04-13,Noise-Canceling Headset,Accessories,Delhi NCR,2,143.99,287.98,SMB
ORD-11049,2025-11-29,Data Sync Plugin,Software & Cloud,Bengaluru,3,119.58,358.74,Individual
ORD-11050,2025-03-10,USB-C Fast Charger 100W,Accessories,Bengaluru,3,52.35,157.05,Government
ORD-11051,2025-08-01,USB-C Fast Charger 100W,Accessories,Hyderabad,1,50.78,50.78,SMB
ORD-11052,2025-01-12,SnapInsight Pro Enterprise,Software & Cloud,Mumbai,10,825.76,8257.6,Government
ORD-11053,2025-03-28,Wireless Ergonomic Mouse,Electronics,Pune,2,42.47,84.94,Government
ORD-11054,2025-07-08,SnapInsight Pro Enterprise,Software & Cloud,Pune,1,834.99,834.99,Individual
ORD-11055,2025-08-21,AI Implementation Consulting,Services,Mumbai,1,1607.05,1607.05,SMB
ORD-11056,2025-05-17,Laptop Stand Aluminum,Accessories,Hyderabad,1,40.64,40.64,SMB
ORD-11057,2025-05-25,Data Sync Plugin,Software & Cloud,Mumbai,1,115.97,115.97,Enterprise
ORD-11058,2025-05-15,Data Sync Plugin,Software & Cloud,Bengaluru,5,112.05,560.25,Individual
ORD-11059,2025-08-29,Security Shield v4,Software & Cloud,Hyderabad,10,258.53,2585.3,SMB
ORD-11060,2025-08-05,Thunderbolt 4 Dock,Accessories,Delhi NCR,1,175.19,175.19,Enterprise
ORD-11061,2025-05-01,Data Pipeline Setup,Services,Chennai,15,874.81,13122.15,Enterprise
ORD-11062,2025-09-16,Data Pipeline Setup,Services,Chennai,10,894.1,8941.0,Government
ORD-11063,2025-10-14,Mechanical Keyboard Pro,Electronics,Mumbai,1,101.54,101.54,Individual
ORD-11064,2025-08-28,SnapInsight Pro Enterprise,Software & Cloud,Pune,1,754.15,754.15,Individual
ORD-11065,2025-03-01,Thunderbolt 4 Dock,Accessories,Hyderabad,10,187.14,1871.4,Government
ORD-11066,2025-08-09,Noise-Canceling Headset,Accessories,Bengaluru,2,148.46,296.92,Government
ORD-11067,2025-03-26,Laptop Stand Aluminum,Accessories,Mumbai,3,37.14,111.42,Individual
ORD-11068,2025-03-18,Qualcomm AI DevKit,Electronics,Hyderabad,1,425.78,425.78,Government
ORD-11069,2025-08-28,AI Implementation Consulting,Services,Hyderabad,15,1485.96,22289.4,Enterprise
ORD-11070,2025-10-15,Data Pipeline Setup,Services,Chennai,2,892.8,1785.6,SMB
ORD-11071,2025-02-17,Security Shield v4,Software & Cloud,Mumbai,1,252.53,252.53,Government
ORD-11072,2025-12-06,SnapInsight Pro Enterprise,Software & Cloud,Pune,2,789.3,1578.6,SMB
ORD-11073,2025-02-09,Data Sync Plugin,Software & Cloud,Bengaluru,3,115.86,347.58,Enterprise
ORD-11074,2025-12-15,Wireless Ergonomic Mouse,Electronics,Delhi NCR,1,42.51,42.51,Government
ORD-11075,2025-02-11,Annual Support Package,Services,Hyderabad,3,609.04,1827.12,Government
ORD-11076,2025-01-03,Thunderbolt 4 Dock,Accessories,Hyderabad,3,192.89,578.67,Government
ORD-11077,2025-10-19,Cloud Analytics Suite,Software & Cloud,Chennai,4,485.85,1943.4,Government
ORD-11078,2025-01-29,Mechanical Keyboard Pro,Electronics,Hyderabad,8,93.46,747.68,Enterprise
ORD-11079,2025-04-02,Data Sync Plugin,Software & Cloud,Mumbai,1,117.86,117.86,SMB
ORD-11080,2025-07-26,USB-C Fast Charger 100W,Accessories,Hyderabad,1,57.08,57.08,Individual
ORD-11081,2025-06-08,Security Shield v4,Software & Cloud,Bengaluru,3,249.58,748.74,SMB
ORD-11082,2025-07-18,Data Pipeline Setup,Services,Hyderabad,2,988.99,1977.98,Enterprise
ORD-11083,2025-07-08,Data Sync Plugin,Software & Cloud,Delhi NCR,2,120.26,240.52,Enterprise
ORD-11084,2025-08-26,Cloud Analytics Suite,Software & Cloud,Pune,5,483.26,2416.3,Enterprise
ORD-11085,2025-08-12,Wireless Ergonomic Mouse,Electronics,Mumbai,1,47.46,47.46,Government
ORD-11086,2025-09-25,Data Pipeline Setup,Services,Pune,2,1013.43,2026.86,Enterprise
ORD-11087,2025-09-20,Mechanical Keyboard Pro,Electronics,Delhi NCR,2,97.44,194.88,Individual
ORD-11088,2025-10-19,Noise-Canceling Headset,Accessories,Delhi NCR,1,140.73,140.73,Enterprise
ORD-11089,2025-12-05,AI Implementation Consulting,Services,Hyderabad,3,1399.99,4199.97,Enterprise
ORD-11090,2025-12-27,Noise-Canceling Headset,Accessories,Hyderabad,2,152.97,305.94,Individual
ORD-11091,2025-05-16,USB-C Fast Charger 100W,Accessories,Delhi NCR,1,58.27,58.27,Government
ORD-11092,2025-02-24,Annual Support Package,Services,Hyderabad,1,553.28,553.28,Enterprise
ORD-11093,2025-12-02,Data Pipeline Setup,Services,Chennai,3,920.03,2760.09,Individual
ORD-11094,2025-11-12,Laptop Stand Aluminum,Accessories,Delhi NCR,4,37.66,150.64,SMB
ORD-11095,2025-04-08,Snapdragon Laptop X1,Electronics,Mumbai,3,1144.17,3432.51,Enterprise
ORD-11096,2025-11-29,Cloud Analytics Suite,Software & Cloud,Chennai,2,466.89,933.78,SMB
ORD-11097,2025-08-26,Data Sync Plugin,Software & Cloud,Delhi NCR,2,127.73,255.46,SMB
ORD-11098,2025-12-26,Data Pipeline Setup,Services,Hyderabad,2,904.6,1809.2,SMB
ORD-11099,2025-10-19,AI Implementation Consulting,Services,Delhi NCR,1,1615.08,1615.08,Individual
ORD-11100,2025-09-11,Thunderbolt 4 Dock,Accessories,Hyderabad,2,172.28,344.56,Individual
ORD-11101,2025-02-01,Wireless Ergonomic Mouse,Electronics,Pune,2,43.33,86.66,Enterprise
ORD-11102,2025-11-28,Data Pipeline Setup,Services,Pune,1,942.15,942.15,Government
ORD-11103,2025-08-12,Qualcomm AI DevKit,Electronics,Mumbai,1,438.76,438.76,Individual
ORD-11104,2025-04-29,Security Shield v4,Software & Cloud,Chennai,5,235.25,1176.25,Individual
ORD-11105,2025-05-31,Data Pipeline Setup,Services,  Mumbai  ,4,994.99,3979.96,Government
ORD-11106,2025-03-24,Security Shield v4,Software & Cloud,Delhi NCR,3,235.16,705.48,Individual
ORD-11107,2025-04-13,Data Sync Plugin,Software & Cloud,Hyderabad,1,116.23,116.23,Individual
ORD-11108,2025-04-18,Snapdragon Laptop X1,Electronics,Bengaluru,1,1233.97,1233.97,Government
ORD-11109,2025-03-31,Snapdragon Laptop X1,Electronics,Delhi NCR,1,1127.17,1127.17,SMB
ORD-11110,2025-04-25,Data Pipeline Setup,Services,Bengaluru,15,991.05,14865.75,Enterprise
ORD-11111,2025-10-13,USB-C Fast Charger 100W,Accessories,Pune,4,56.82,227.28,Enterprise
ORD-11112,2025-08-13,AI Implementation Consulting,Services,Pune,10,1577.67,15776.7,Enterprise
ORD-11113,2025-01-22,Qualcomm AI DevKit,Electronics,Mumbai,2,425.31,850.62,Government
ORD-11114,2025-05-30,Annual Support Package,Services,Delhi NCR,2,614.12,1228.24,SMB
ORD-11115,2025-06-21,SnapInsight Pro Enterprise,Software & Cloud,Hyderabad,4,834.46,3337.84,Individual
ORD-11116,2025-01-04,Data Sync Plugin,Software & Cloud,Pune,1,112.04,112.04,SMB
ORD-11117,2025-07-10,Data Pipeline Setup,Services,Mumbai,2,988.49,1976.98,SMB
ORD-11118,2025-09-29,AI Implementation Consulting,Services,Hyderabad,1,1600.32,1600.32,Individual
ORD-11119,2025-08-23,Thunderbolt 4 Dock,Accessories,Delhi NCR,2,168.04,336.08,Enterprise
ORD-11120,2025-06-11,AI Implementation Consulting,Services,Hyderabad,2,1538.44,3076.88,Enterprise
ORD-11121,2025-11-25,SnapInsight Pro Enterprise,Software & Cloud,Chennai,10,789.67,7896.7,Government
ORD-11122,2025-12-15,Noise-Canceling Headset,Accessories,Delhi NCR,5,159.61,798.05,Government
ORD-11123,2025-11-09,Data Sync Plugin,Software & Cloud,Mumbai,2,123.79,247.58,Individual
ORD-11124,2025-11-29,AI Implementation Consulting,Services,Delhi NCR,5,1508.98,7544.9,Enterprise
ORD-11125,2025-07-19,Security Shield v4,Software & Cloud,Pune,1,250.85,250.85,Government
ORD-11126,2025-11-22,SnapInsight Pro Enterprise,Software & Cloud,Pune,1,766.89,766.89,Government
ORD-11127,2025-06-05,Annual Support Package,Services,Delhi NCR,1,576.94,576.94,Government
ORD-11128,2025-09-17,Thunderbolt 4 Dock,Accessories,Chennai,1,178.52,178.52,Enterprise
ORD-11129,2025-10-21,Wireless Ergonomic Mouse,Electronics,Mumbai,1,43.92,43.92,SMB
ORD-11130,2025-05-26,Data Sync Plugin,Software & Cloud,Mumbai,2,116.69,233.38,Enterprise
ORD-11131,2025-10-26,Security Shield v4,Software & Cloud,Mumbai,2,263.14,526.28,Individual
ORD-11132,2025-02-11,Snapdragon Laptop X1,Electronics,Mumbai,2,1145.24,2290.48,Individual
ORD-11133,2025-02-09,Laptop Stand Aluminum,Accessories,Pune,2,42.38,84.76,Individual
ORD-11134,2025-10-27,Annual Support Package,Services,Hyderabad,2,622.24,1244.48,Individual
ORD-11135,2025-08-02,Cloud Analytics Suite,Software & Cloud,Hyderabad,2,470.35,940.7,Individual
ORD-11136,2025-12-27,Qualcomm AI DevKit,Electronics,Delhi NCR,2,481.97,963.94,SMB
ORD-11137,2025-07-09,Mechanical Keyboard Pro,Electronics,Delhi NCR,4,93.02,372.08,Enterprise
ORD-11138,2025-05-29,Mechanical Keyboard Pro,Electronics,Bengaluru,1,102.46,102.46,Government
ORD-11139,2025-06-05,Laptop Stand Aluminum,Accessories,Mumbai,1,41.82,41.82,SMB
ORD-11140,2025-08-04,UltraVision Monitor 27,Electronics,Mumbai,5,367.87,1839.35,SMB
ORD-11141,2025-09-08,Snapdragon Laptop X1,Electronics,Delhi NCR,2,1184.17,2368.34,Enterprise
ORD-11142,2025-10-21,Laptop Stand Aluminum,Accessories,Hyderabad,5,42.14,210.7,Individual
ORD-11143,2025-11-07,Cloud Analytics Suite,Software & Cloud,Hyderabad,2,513.38,1026.76,Individual
ORD-11144,2025-03-18,Thunderbolt 4 Dock,Accessories,Chennai,3,176.75,530.25,Individual
ORD-11145,2025-07-22,Thunderbolt 4 Dock,Accessories,Hyderabad,8,184.2,1473.6,Government
ORD-11146,2025-03-26,Mechanical Keyboard Pro,Electronics,Chennai,2,95.93,191.86,Government
ORD-11147,2025-03-05,Qualcomm AI DevKit,Electronics,Pune,8,482.93,3863.44,Enterprise
ORD-11148,2025-09-25,Data Sync Plugin,Software & Cloud,Delhi NCR,2,123.04,246.08,Enterprise
ORD-11149,2025-09-30,SnapInsight Pro Enterprise,Software & Cloud,Mumbai,1,842.2,842.2,SMB
ORD-11150,2025-10-24,AI Implementation Consulting,Services,Pune,4,1476.43,5905.72,Government
ORD-11151,2025-01-24,AI Implementation Consulting,Services,Mumbai,1,1385.77,1385.77,Individual
ORD-11152,2025-09-28,Laptop Stand Aluminum,Accessories,Delhi NCR,1,40.27,40.27,Enterprise
ORD-11153,2025-05-27,Cloud Analytics Suite,Software & Cloud,Delhi NCR,1,484.54,484.54,SMB
ORD-11154,2025-07-28,SnapInsight Pro Enterprise,Software & Cloud,Bengaluru,2,739.48,1478.96,SMB
ORD-11155,2025-01-30,Laptop Stand Aluminum,Accessories,Mumbai,1,42.52,42.52,Individual
ORD-11156,2025-05-13,AI Implementation Consulting,Services,Mumbai,1,1498.32,1498.32,SMB
ORD-11157,2025-09-16,AI Implementation Consulting,Services,Bengaluru,1,1512.75,1512.75,Individual
ORD-11158,2025-02-03,AI Implementation Consulting,Services,Mumbai,2,1444.6,2889.2,Enterprise
ORD-11159,2025-10-28,Qualcomm AI DevKit,Electronics,Chennai,3,435.93,1307.79,SMB
ORD-11160,2025-07-28,AI Implementation Consulting,Services,Pune,4,1567.89,6271.56,SMB
ORD-11161,2025-03-14,USB-C Fast Charger 100W,Accessories,Pune,3,59.06,177.18,Individual
ORD-11162,2025-10-12,AI Implementation Consulting,Services,Hyderabad,1,1536.73,1536.73,Government
ORD-11163,2025-03-27,Snapdragon Laptop X1,Electronics,Hyderabad,5,1218.79,6093.95,Government
ORD-11164,2025-12-15,Data Pipeline Setup,Services,Mumbai,4,880.91,3523.64,Government
ORD-11165,2025-10-01,UltraVision Monitor 27,Electronics,Chennai,1,368.51,368.51,Enterprise
ORD-11166,2025-10-12,Laptop Stand Aluminum,Accessories,Pune,1,42.46,42.46,Government
ORD-11167,2025-06-25,Laptop Stand Aluminum,Accessories,Chennai,1,38.99,38.99,Government
ORD-11168,2025-08-24,Thunderbolt 4 Dock,Accessories,Mumbai,5,183.13,915.65,Enterprise
ORD-11169,2025-01-03,Qualcomm AI DevKit,Electronics,Chennai,2,468.9,937.8,Individual
ORD-11170,2025-10-03,Snapdragon Laptop X1,Electronics,Chennai,2,1233.07,2466.14,Individual
ORD-11171,2025-06-30,Annual Support Package,Services,Mumbai,1,563.98,563.98,Enterprise
ORD-11172,2025-07-09,Data Sync Plugin,Software & Cloud,Chennai,1,124.96,124.96,Enterprise
ORD-11173,2025-12-15,USB-C Fast Charger 100W,Accessories,Pune,1,57.71,57.71,Government
ORD-11174,2025-04-24,Data Sync Plugin,Software & Cloud,Delhi NCR,8,119.86,958.88,Government
ORD-11175,2025-12-27,SnapInsight Pro Enterprise,Software & Cloud,Chennai,1,750.2,750.2,Individual
ORD-11176,2025-05-23,AI Implementation Consulting,Services,Chennai,2,1395.69,2791.38,SMB
ORD-11177,2025-03-07,Qualcomm AI DevKit,Electronics,Pune,1,477.43,477.43,SMB
ORD-11178,2025-05-21,SnapInsight Pro Enterprise,Software & Cloud,Chennai,15,823.13,12346.95,Government
ORD-11179,2025-08-21,Wireless Ergonomic Mouse,Electronics,Chennai,2,47.55,95.1,Enterprise
ORD-11180,2025-06-15,Data Pipeline Setup,Services,Chennai,1,949.33,949.33,Individual
ORD-11181,2025-09-22,Qualcomm AI DevKit,Electronics,Hyderabad,1,436.77,436.77,Individual
ORD-11182,2025-07-20,Security Shield v4,Software & Cloud,Pune,1,269.61,269.61,Enterprise
ORD-11183,2025-04-26,AI Implementation Consulting,Services,Mumbai,5,1459.01,7295.05,SMB
ORD-11184,2025-02-02,Snapdragon Laptop X1,Electronics,Delhi NCR,2,1265.38,2530.76,Government
ORD-11185,2025-05-07,Wireless Ergonomic Mouse,Electronics,Bengaluru,1,47.32,47.32,Enterprise
ORD-11186,2025-09-24,SnapInsight Pro Enterprise,Software & Cloud,Pune,3,833.8,2501.4,Individual
ORD-11187,2025-11-17,Annual Support Package,Services,Delhi NCR,1,588.23,588.23,Enterprise
ORD-11188,2025-12-22,Qualcomm AI DevKit,Electronics,Hyderabad,1,435.71,435.71,Enterprise
ORD-11189,2025-11-17,AI Implementation Consulting,Services,Delhi NCR,1,1450.78,1450.78,Enterprise
ORD-11190,2025-07-15,AI Implementation Consulting,Services,Hyderabad,2,1587.5,3175.0,SMB
ORD-11191,2025-12-04,Wireless Ergonomic Mouse,Electronics,Hyderabad,1,43.85,43.85,Enterprise
ORD-11192,2025-12-12,Wireless Ergonomic Mouse,Electronics,Pune,2,42.18,84.36,SMB
ORD-11193,2025-01-07,Mechanical Keyboard Pro,Electronics,Mumbai,3,97.09,291.27,SMB
ORD-11194,2025-05-12,Laptop Stand Aluminum,Accessories,Pune,2,37.99,75.98,Individual
ORD-11195,2025-03-12,Snapdragon Laptop X1,Electronics,Pune,1,1202.52,1202.52,Individual
ORD-11196,2025-11-30,Noise-Canceling Headset,Accessories,Pune,2,141.54,283.08,SMB
ORD-11197,2025-06-08,Noise-Canceling Headset,Accessories,Delhi NCR,1,139.38,139.38,SMB
ORD-11198,2025-09-17,Wireless Ergonomic Mouse,Electronics,Mumbai,1,47.05,47.05,SMB
ORD-11199,2025-06-24,Data Sync Plugin,Software & Cloud,Hyderabad,3,126.76,380.28,Government
ORD-11200,2025-10-17,Noise-Canceling Headset,Accessories,Mumbai,2,148.9,297.8,Enterprise
ORD-11201,2025-01-22,AI Implementation Consulting,Services,Chennai,5,1546.37,7731.85,SMB
ORD-11202,2025-08-27,Cloud Analytics Suite,Software & Cloud,Bengaluru,2,476.43,952.86,Individual
ORD-11203,2025-04-05,UltraVision Monitor 27,Electronics,Bengaluru,1,353.06,353.06,Enterprise
ORD-11204,2025-03-14,Laptop Stand Aluminum,Accessories,Pune,1,37.08,37.08,Government
ORD-11205,2025-01-16,Cloud Analytics Suite,Software & Cloud,Mumbai,1,517.51,517.51,Government
ORD-11206,2025-06-23,Cloud Analytics Suite,Software & Cloud,Mumbai,1,532.85,532.85,Government
ORD-11207,2025-01-11,Data Sync Plugin,Software & Cloud,Delhi NCR,3,128.37,385.11,Government
ORD-11208,2025-06-06,AI Implementation Consulting,Services,Bengaluru,1,1605.88,1605.88,SMB
ORD-11209,2025-11-16,Annual Support Package,Services,Mumbai,1,628.31,628.31,SMB
ORD-11210,2025-04-09,Annual Support Package,Services,Pune,1,645.79,645.79,Individual
ORD-11211,2025-05-06,Mechanical Keyboard Pro,Electronics,Pune,2,99.4,198.8,Government
ORD-11212,2025-06-17,SnapInsight Pro Enterprise,Software & Cloud,Bengaluru,2,844.99,1689.98,SMB
ORD-11213,2025-10-27,AI Implementation Consulting,Services,Hyderabad,3,1420.18,4260.54,Enterprise
ORD-11214,2025-07-18,Laptop Stand Aluminum,Accessories,Mumbai,2,41.36,82.72,Government
ORD-11215,2025-09-27,Annual Support Package,Services,Hyderabad,8,607.79,4862.32,Government
ORD-11216,2025-11-23,Qualcomm AI DevKit,Electronics,Mumbai,1,476.15,476.15,Individual
ORD-11217,2025-07-22,Security Shield v4,Software & Cloud,Hyderabad,2,267.42,534.84,SMB
ORD-11218,2025-07-11,Thunderbolt 4 Dock,Accessories,Delhi NCR,1,178.4,178.4,Government
ORD-11219,2025-06-30,SnapInsight Pro Enterprise,Software & Cloud,Pune,2,790.54,1581.08,Government
ORD-11220,2025-08-28,Data Pipeline Setup,Services,Hyderabad,1,915.5,915.5,Government
ORD-11221,2025-01-13,Data Sync Plugin,Software & Cloud,Chennai,1,117.29,117.29,Enterprise
ORD-11222,2025-02-12,Thunderbolt 4 Dock,Accessories,Mumbai,3,169.02,507.06,Enterprise
ORD-11223,2025-07-04,Mechanical Keyboard Pro,Electronics,Mumbai,1,91.2,91.2,Government
ORD-11224,2025-12-16,USB-C Fast Charger 100W,Accessories,Mumbai,3,50.68,152.04,Government
ORD-11225,2025-06-03,Noise-Canceling Headset,Accessories,Hyderabad,3,157.72,473.16,Individual
ORD-11226,2025-12-02,Wireless Ergonomic Mouse,Electronics,Mumbai,3,43.04,129.12,Individual
ORD-11227,2025-04-18,AI Implementation Consulting,Services,Pune,2,1553.4,3106.8,Individual
ORD-11228,2025-08-25,Thunderbolt 4 Dock,Accessories,Mumbai,1,187.78,187.78,Individual
ORD-11229,2025-12-24,AI Implementation Consulting,Services,Pune,2,1469.93,2939.86,Enterprise
ORD-11230,2025-10-23,Security Shield v4,Software & Cloud,Delhi NCR,8,262.42,2099.36,Individual
ORD-11231,2025-07-01,USB-C Fast Charger 100W,Accessories,Chennai,2,57.31,114.62,Individual
ORD-11232,2025-12-20,Noise-Canceling Headset,Accessories,Pune,2,160.13,320.26,Enterprise
ORD-11233,2025-03-20,Laptop Stand Aluminum,Accessories,Mumbai,10,37.21,372.1,Individual
ORD-11234,2025-07-17,Data Sync Plugin,Software & Cloud,Pune,1,122.67,122.67,Individual
ORD-11235,2025-06-05,Qualcomm AI DevKit,Electronics,Pune,1,416.31,416.31,SMB
ORD-11236,2025-12-19,AI Implementation Consulting,Services,Delhi NCR,1,1448.12,1448.12,Individual
ORD-11237,2025-04-30,Thunderbolt 4 Dock,Accessories,Bengaluru,2,170.55,341.1,
ORD-11238,2025-07-30,AI Implementation Consulting,Services,Mumbai,10,1494.78,14947.8,Individual
ORD-11239,2025-02-05,AI Implementation Consulting,Services,Mumbai,1,1483.73,1483.73,Government
ORD-11240,2025-12-07,AI Implementation Consulting,Services,Bengaluru,2,1500.59,3001.18,SMB
ORD-11241,2025-12-17,Data Pipeline Setup,Services,Mumbai,1,883.72,883.72,Individual
ORD-11242,2025-07-24,Security Shield v4,Software & Cloud,Hyderabad,5,248.51,1242.55,Individual
ORD-11243,2025-01-21,UltraVision Monitor 27,Electronics,Hyderabad,2,361.22,722.44,Government
ORD-11244,2025-06-02,Annual Support Package,Services,Mumbai,4,575.92,2303.68,Individual
ORD-11245,2025-11-13,Data Pipeline Setup,Services,Chennai,1,980.18,980.18,SMB
ORD-11246,2025-02-18,Annual Support Package,Services,Mumbai,8,578.28,4626.24,SMB
ORD-11247,2025-11-18,Thunderbolt 4 Dock,Accessories,Chennai,3,191.77,575.31,SMB
ORD-11248,2025-07-30,UltraVision Monitor 27,Electronics,Delhi NCR,1,344.97,344.97,Government
ORD-11249,2025-03-26,USB-C Fast Charger 100W,Accessories,Hyderabad,2,51.24,102.48,Enterprise
ORD-11250,2025-12-22,Data Pipeline Setup,Services,Hyderabad,1,934.29,934.29,SMB
ORD-11251,2025-01-06,Thunderbolt 4 Dock,Accessories,Mumbai,3,184.9,554.7,Government
ORD-11252,2025-08-26,Data Pipeline Setup,Services,Pune,1,982.46,982.46,SMB
ORD-11253,2025-08-13,Data Sync Plugin,Software & Cloud,Mumbai,4,126.5,506.0,SMB
ORD-11254,2025-11-07,Qualcomm AI DevKit,Electronics,Pune,1,426.13,426.13,Individual
ORD-11255,2025-12-10,UltraVision Monitor 27,Electronics,Bengaluru,1,334.13,334.13,SMB
ORD-11256,2025-01-18,Data Sync Plugin,Software & Cloud,Chennai,3,117.9,353.7,Enterprise
ORD-11257,2025-06-07,AI Implementation Consulting,Services,Delhi NCR,2,1564.11,3128.22,Individual
ORD-11258,2025-05-08,USB-C Fast Charger 100W,Accessories,Delhi NCR,1,50.85,50.85,Individual
ORD-11259,2025-01-08,USB-C Fast Charger 100W,Accessories,Delhi NCR,3,59.04,177.12,SMB
ORD-11260,2025-02-19,Cloud Analytics Suite,Software & Cloud,Pune,1,525.25,525.25,Enterprise
ORD-11261,2025-06-15,Cloud Analytics Suite,Software & Cloud,Hyderabad,5,469.66,2348.3,Individual
ORD-11262,2025-04-20,UltraVision Monitor 27,Electronics,Delhi NCR,1,358.62,358.62,Individual
ORD-11263,2025-01-07,AI Implementation Consulting,Services,Delhi NCR,2,1535.99,3071.98,Government
ORD-11264,2025-07-08,Snapdragon Laptop X1,Electronics,Hyderabad,5,1251.37,6256.85,Government
ORD-11265,2025-09-13,Mechanical Keyboard Pro,Electronics,Pune,3,91.23,273.69,SMB
ORD-11266,2025-02-18,Laptop Stand Aluminum,Accessories,Chennai,3,38.93,116.79,SMB
ORD-11267,2025-11-22,Laptop Stand Aluminum,Accessories,Delhi NCR,1,39.25,39.25,Individual
ORD-11268,2025-11-24,SnapInsight Pro Enterprise,Software & Cloud,Pune,1,775.53,775.53,Enterprise
ORD-11269,2025-08-08,SnapInsight Pro Enterprise,Software & Cloud,Bengaluru,1,773.97,773.97,Individual
ORD-11270,2025-03-19,AI Implementation Consulting,Services,Mumbai,2,1557.42,3114.84,Individual
ORD-11271,2025-06-18,Security Shield v4,Software & Cloud,Delhi NCR,1,255.92,255.92,Individual
ORD-11272,2025-05-28,Qualcomm AI DevKit,Electronics,Bengaluru,4,431.44,1725.76,Government
ORD-11273,2025-10-04,Qualcomm AI DevKit,Electronics,Chennai,4,457.78,1831.12,SMB
ORD-11274,2025-07-15,USB-C Fast Charger 100W,Accessories,Delhi NCR,2,58.25,116.5,Enterprise
ORD-11275,2025-02-05,SnapInsight Pro Enterprise,Software & Cloud,Mumbai,2,752.07,1504.14,SMB
ORD-11276,2025-03-30,Cloud Analytics Suite,Software & Cloud,Hyderabad,2,484.92,969.84,Individual
ORD-11277,2025-04-12,Data Sync Plugin,Software & Cloud,Mumbai,1,115.88,115.88,Government
ORD-11278,2025-08-18,Security Shield v4,Software & Cloud,Hyderabad,4,268.04,1072.16,Enterprise
ORD-11279,2025-07-04,Data Pipeline Setup,Services,Hyderabad,1,950.8,950.8,Individual
ORD-11280,2025-08-10,Data Sync Plugin,Software & Cloud,Hyderabad,1,126.8,126.8,Individual
ORD-11281,2025-06-03,Cloud Analytics Suite,Software & Cloud,Hyderabad,1,496.29,496.29,Government
ORD-11282,2025-07-12,AI Implementation Consulting,Services,Chennai,1,1426.97,1426.97,Individual
ORD-11283,2025-04-08,Snapdragon Laptop X1,Electronics,Chennai,4,1198.36,4793.44,Government
ORD-11284,2025-08-01,Annual Support Package,Services,Hyderabad,1,613.54,613.54,Government
ORD-11285,2025-10-29,Wireless Ergonomic Mouse,Electronics,Delhi NCR,5,48.11,240.55,Individual
ORD-11286,2025-03-25,Data Sync Plugin,Software & Cloud,Chennai,8,120.18,961.44,Government
ORD-11287,2025-09-08,Thunderbolt 4 Dock,Accessories,Hyderabad,3,172.58,517.74,SMB
ORD-11288,2025-01-18,Thunderbolt 4 Dock,Accessories,Chennai,3,173.13,519.39,SMB
ORD-11289,2025-08-22,Security Shield v4,Software & Cloud,Pune,1,230.49,230.49,SMB
ORD-11290,2025-02-17,Data Pipeline Setup,Services,Delhi NCR,3,1007.15,3021.45,SMB
ORD-11291,2025-03-26,Data Pipeline Setup,Services,Pune,3,963.08,2889.24,Individual
ORD-11292,2025-07-30,Snapdragon Laptop X1,Electronics,Bengaluru,2,1155.65,2311.3,SMB
ORD-11293,2025-04-18,Annual Support Package,Services,Mumbai,1,552.15,552.15,Individual
ORD-11294,2025-02-05,Annual Support Package,Services,Bengaluru,2,568.38,1136.76,Individual
ORD-11295,2025-07-11,Cloud Analytics Suite,Software & Cloud,Mumbai,1,496.05,496.05,Enterprise
ORD-11296,2025-04-19,Cloud Analytics Suite,Software & Cloud,Mumbai,1,480.75,480.75,SMB
ORD-11297,2025-07-29,Annual Support Package,Services,Delhi NCR,5,559.66,2798.3,SMB
ORD-11298,2025-02-13,AI Implementation Consulting,Services,Bengaluru,1,1520.56,1520.56,Enterprise
ORD-11299,2025-09-02,Annual Support Package,Services,Delhi NCR,3,577.54,1732.62,Enterprise
ORD-11300,2025-01-04,Snapdragon Laptop X1,Electronics,Delhi NCR,1,1219.77,1219.77,Individual
ORD-11301,2025-05-17,Data Pipeline Setup,Services,Pune,3,925.16,2775.48,Individual
ORD-11302,2025-12-16,Noise-Canceling Headset,Accessories,Bengaluru,4,147.08,588.32,Individual
ORD-11303,2025-01-30,Noise-Canceling Headset,Accessories,Delhi NCR,4,158.89,635.56,Individual
ORD-11304,2025-07-25,SnapInsight Pro Enterprise,Software & Cloud,Pune,2,,1715.48,Government
ORD-11305,2025-05-08,Laptop Stand Aluminum,Accessories,Chennai,2,,80.2,Individual
ORD-11306,2025-12-05,SnapInsight Pro Enterprise,Software & Cloud,Bengaluru,10,817.12,8171.2,Enterprise
ORD-11307,2025-01-24,Laptop Stand Aluminum,Accessories,Hyderabad,1,41.53,41.53,Individual
ORD-11308,2025-02-11,Laptop Stand Aluminum,Accessories,Hyderabad,5,41.5,207.5,Enterprise
ORD-11309,2025-05-31,Cloud Analytics Suite,Software & Cloud,Pune,4,470.23,1880.92,Enterprise
ORD-11310,2025-02-14,Laptop Stand Aluminum,Accessories,Hyderabad,1,39.89,39.89,Enterprise
ORD-11311,2025-10-04,Cloud Analytics Suite,Software & Cloud,Chennai,1,468.44,468.44,Enterprise
ORD-11312,2025-01-15,Security Shield v4,Software & Cloud,Bengaluru,5,258.77,1293.85,SMB
ORD-11313,2025-12-07,Annual Support Package,Services,Mumbai,1,560.68,560.68,Individual
ORD-11314,2025-12-21,USB-C Fast Charger 100W,Accessories,Pune,5,56.27,281.35,Enterprise
ORD-11315,2025-07-13,Annual Support Package,Services,Pune,2,629.61,1259.22,Individual
ORD-11316,2025-04-25,Thunderbolt 4 Dock,Accessories,Delhi NCR,1,175.4,175.4,Enterprise
ORD-11317,2025-10-31,SnapInsight Pro Enterprise,Software & Cloud,Mumbai,2,858.12,1716.24,Government
ORD-11318,2025-10-23,UltraVision Monitor 27,Electronics,Pune,1,369.44,369.44,SMB
ORD-11319,2025-08-05,Noise-Canceling Headset,Accessories,Mumbai,3,140.56,421.68,SMB
ORD-11320,2025-01-05,Data Pipeline Setup,Services,Bengaluru,1,949.97,949.97,SMB
ORD-11321,2025-08-22,Security Shield v4,Software & Cloud,Chennai,1,253.96,253.96,Enterprise
ORD-11322,2025-06-08,UltraVision Monitor 27,Electronics,Chennai,15,357.34,5360.1,Individual
ORD-11323,2025-04-21,Data Pipeline Setup,Services,Hyderabad,3,1023.13,3069.39,Enterprise
ORD-11324,2025-06-20,Cloud Analytics Suite,Software & Cloud,Mumbai,4,533.85,2135.4,Enterprise
ORD-11325,2025-04-02,Annual Support Package,Services,Chennai,1,647.14,647.14,SMB
ORD-11326,2025-10-08,Data Pipeline Setup,Services,Hyderabad,2,989.17,1978.34,Government
ORD-11327,2025-07-20,Mechanical Keyboard Pro,Electronics,Bengaluru,3,98.06,294.18,SMB
ORD-11328,2025-10-08,AI Implementation Consulting,Services,Pune,1,1583.95,1583.95,Enterprise
ORD-11329,2025-06-05,Annual Support Package,Services,Mumbai,1,618.81,618.81,Individual
ORD-11330,2025-05-30,Cloud Analytics Suite,Software & Cloud,Chennai,1,518.83,518.83,SMB
ORD-11331,2025-01-05,Thunderbolt 4 Dock,Accessories,Mumbai,3,192.97,578.91,Individual
ORD-11332,2025-08-07,SnapInsight Pro Enterprise,Software & Cloud,Hyderabad,1,856.97,856.97,SMB
ORD-11333,2025-03-02,Laptop Stand Aluminum,Accessories,Chennai,8,38.37,306.96,Individual
ORD-11334,2025-03-02,Data Sync Plugin,Software & Cloud,Chennai,2,122.93,245.86,SMB
ORD-11335,2025-07-12,Wireless Ergonomic Mouse,Electronics,Chennai,4,43.38,173.52,Individual
ORD-11336,2025-12-01,Data Pipeline Setup,Services,Delhi NCR,1,892.55,892.55,Enterprise
ORD-11337,2025-11-25,SnapInsight Pro Enterprise,Software & Cloud,Pune,2,771.04,1542.08,Individual
ORD-11338,2025-02-18,Data Sync Plugin,Software & Cloud,Chennai,2,116.13,232.26,Individual
ORD-11339,2025-03-06,UltraVision Monitor 27,Electronics,Pune,1,344.7,344.7,SMB
ORD-11340,2025-12-25,Wireless Ergonomic Mouse,Electronics,Pune,2,41.86,83.72,Individual
ORD-11341,2025-10-27,Qualcomm AI DevKit,Electronics,Delhi NCR,8,476.06,3808.48,SMB
ORD-11342,2025-12-22,SnapInsight Pro Enterprise,Software & Cloud,Bengaluru,2,741.01,1482.02,Enterprise
ORD-11343,2025-10-22,Cloud Analytics Suite,Software & Cloud,Bengaluru,1,466.77,466.77,Enterprise
ORD-11344,2025-03-05,Noise-Canceling Headset,Accessories,Mumbai,8,161.45,1291.6,Individual
ORD-11345,2025-12-03,Qualcomm AI DevKit,Electronics,Pune,1,461.46,461.46,Government
ORD-11346,2025-08-16,Data Sync Plugin,Software & Cloud,Pune,3,122.04,366.12,Government
ORD-11347,2025-09-19,SnapInsight Pro Enterprise,Software & Cloud,Delhi NCR,3,740.7,2222.1,SMB
ORD-11348,2025-03-14,USB-C Fast Charger 100W,Accessories,Pune,8,55.81,446.48,SMB
ORD-11349,2025-05-23,Data Sync Plugin,Software & Cloud,Bengaluru,1,117.73,117.73,Government
ORD-11350,2025-03-25,Data Pipeline Setup,Services,Bengaluru,1,1016.91,1016.91,Individual
ORD-11351,2025-03-15,SnapInsight Pro Enterprise,Software & Cloud,Bengaluru,2,827.45,1654.9,SMB
ORD-11352,2025-10-16,Data Sync Plugin,Software & Cloud,Bengaluru,4,117.68,470.72,Individual
ORD-11353,2025-11-06,SnapInsight Pro Enterprise,Software & Cloud,Pune,1,823.55,823.55,Enterprise
ORD-11354,2025-07-28,UltraVision Monitor 27,Electronics,Bengaluru,2,365.57,731.14,Government
ORD-11355,2025-03-16,Security Shield v4,Software & Cloud,Hyderabad,1,245.15,245.15,SMB
ORD-11356,2025-02-23,Qualcomm AI DevKit,Electronics,Bengaluru,2,420.88,841.76,Individual
ORD-11357,2025-06-28,Noise-Canceling Headset,Accessories,  Mumbai  ,2,145.63,291.26,SMB
ORD-11358,2025-07-19,Security Shield v4,Software & Cloud,Chennai,4,249.07,996.28,Individual
ORD-11359,2025-03-07,Thunderbolt 4 Dock,Accessories,Chennai,3,184.54,553.62,SMB
ORD-11360,2025-03-15,Annual Support Package,Services,Delhi NCR,3,619.92,1859.76,Government
ORD-11361,2025-05-08,Annual Support Package,Services,Hyderabad,2,628.65,1257.3,Government
ORD-11362,2025-09-15,Noise-Canceling Headset,Accessories,Pune,8,145.32,1162.56,SMB
ORD-11363,2025-02-14,Laptop Stand Aluminum,Accessories,Delhi NCR,3,37.29,111.87,Enterprise
ORD-11364,2025-05-03,Qualcomm AI DevKit,Electronics,Delhi NCR,2,453.9,907.8,Government
ORD-11365,2025-09-10,Wireless Ergonomic Mouse,Electronics,Chennai,3,44.85,134.55,SMB
ORD-11366,2025-09-21,Wireless Ergonomic Mouse,Electronics,Mumbai,1,46.54,46.54,Enterprise
ORD-11367,2025-12-26,USB-C Fast Charger 100W,Accessories,Chennai,15,55.94,839.1,Enterprise
ORD-11368,2025-03-28,Cloud Analytics Suite,Software & Cloud,Mumbai,1,536.2,536.2,Government
ORD-11369,2025-08-05,Data Pipeline Setup,Services,Delhi NCR,1,1012.93,1012.93,Government
ORD-11370,2025-05-08,UltraVision Monitor 27,Electronics,Bengaluru,1,333.93,333.93,Government
ORD-11371,2025-11-20,AI Implementation Consulting,Services,Chennai,5,1604.5,8022.5,Enterprise
ORD-11372,2025-11-13,AI Implementation Consulting,Services,Pune,1,1458.85,1458.85,Individual
ORD-11373,2025-07-01,Snapdragon Laptop X1,Electronics,Chennai,1,1181.2,1181.2,SMB
ORD-11374,2025-01-05,Wireless Ergonomic Mouse,Electronics,Delhi NCR,2,44.36,88.72,SMB
ORD-11375,2025-09-07,Qualcomm AI DevKit,Electronics,Bengaluru,3,447.89,1343.67,SMB
ORD-11376,2025-07-11,Noise-Canceling Headset,Accessories,Mumbai,2,140.61,281.22,Government
ORD-11377,2025-08-13,AI Implementation Consulting,Services,Chennai,1,1381.39,1381.39,Individual
ORD-11378,2025-04-12,Qualcomm AI DevKit,Electronics,Mumbai,1,444.32,444.32,Individual
ORD-11379,2025-06-19,Qualcomm AI DevKit,Electronics,Hyderabad,3,422.55,1267.65,Government
ORD-11380,2025-09-08,Annual Support Package,Services,Bengaluru,3,600.18,1800.54,Individual
ORD-11381,2025-07-19,SnapInsight Pro Enterprise,Software & Cloud,Delhi NCR,8,755.91,6047.28,SMB
ORD-11382,2025-09-14,Qualcomm AI DevKit,Electronics,Bengaluru,1,484.3,484.3,Individual
ORD-11383,2025-01-05,Data Pipeline Setup,Services,Hyderabad,1,989.66,989.66,Enterprise
ORD-11384,2025-05-07,Cloud Analytics Suite,Software & Cloud,Delhi NCR,1,539.54,539.54,Government
ORD-11385,2025-05-07,AI Implementation Consulting,Services,Delhi NCR,2,1425.28,2850.56,SMB
ORD-11386,2025-10-30,Cloud Analytics Suite,Software & Cloud,Hyderabad,1,481.91,481.91,Enterprise
ORD-11387,2025-04-09,Data Sync Plugin,Software & Cloud,Mumbai,1,127.0,127.0,Enterprise
ORD-11388,2025-07-14,Annual Support Package,Services,Chennai,1,573.29,573.29,SMB
ORD-11389,2025-08-07,AI Implementation Consulting,Services,Chennai,2,1453.03,2906.06,Enterprise
ORD-11390,2025-05-18,Noise-Canceling Headset,Accessories,Chennai,8,143.93,1151.44,Individual
ORD-11391,2025-01-25,SnapInsight Pro Enterprise,Software & Cloud,Chennai,1,763.13,763.13,Government
ORD-11392,2025-08-30,Thunderbolt 4 Dock,Accessories,Bengaluru,2,176.07,352.14,Individual
ORD-11393,2025-06-05,Snapdragon Laptop X1,Electronics,Chennai,3,1167.59,3502.77,SMB
ORD-11394,2025-07-05,USB-C Fast Charger 100W,Accessories,Mumbai,3,51.37,154.11,Individual
ORD-11395,2025-02-24,SnapInsight Pro Enterprise,Software & Cloud,Chennai,1,760.69,760.69,SMB
ORD-11396,2025-08-17,Snapdragon Laptop X1,Electronics,Pune,8,1161.88,9295.04,Government
ORD-11397,2025-08-31,Cloud Analytics Suite,Software & Cloud,Mumbai,1,504.04,504.04,Individual
ORD-11398,2025-05-10,Noise-Canceling Headset,Accessories,Chennai,2,159.86,319.72,Enterprise
ORD-11399,2025-02-04,Data Pipeline Setup,Services,Pune,2,899.37,1798.74,Enterprise
ORD-11400,2025-05-21,Security Shield v4,Software & Cloud,Pune,1,261.78,261.78,
ORD-11401,2025-12-22,Data Sync Plugin,Software & Cloud,Pune,2,113.58,227.16,Enterprise
ORD-11402,2025-09-18,Annual Support Package,Services,Hyderabad,3,571.86,1715.58,Government
ORD-11403,2025-01-02,Cloud Analytics Suite,Software & Cloud,Delhi NCR,2,500.31,1000.62,Individual
ORD-11404,2025-09-26,Noise-Canceling Headset,Accessories,Bengaluru,4,151.25,605.0,Government
ORD-11405,2025-03-29,SnapInsight Pro Enterprise,Software & Cloud,Bengaluru,2,817.87,1635.74,Enterprise
ORD-11406,2025-05-23,Security Shield v4,Software & Cloud,Delhi NCR,4,269.58,1078.32,SMB
ORD-11407,2025-04-18,Snapdragon Laptop X1,Electronics,Chennai,2,1166.32,2332.64,Government
ORD-11408,2025-10-09,USB-C Fast Charger 100W,Accessories,Pune,2,53.46,106.92,Government
ORD-11409,2025-01-30,UltraVision Monitor 27,Electronics,Bengaluru,1,336.34,336.34,SMB
ORD-11410,2025-01-09,Wireless Ergonomic Mouse,Electronics,Bengaluru,8,47.28,378.24,SMB
ORD-11411,2025-04-23,Noise-Canceling Headset,Accessories,Chennai,1,141.74,141.74,Individual
ORD-11412,2025-04-29,Data Pipeline Setup,Services,Hyderabad,1,949.39,949.39,Enterprise
ORD-11413,2025-08-24,Cloud Analytics Suite,Software & Cloud,Hyderabad,1,511.81,511.81,SMB
ORD-11414,2025-01-11,USB-C Fast Charger 100W,Accessories,Hyderabad,5,51.21,256.05,SMB
ORD-11415,2025-02-06,AI Implementation Consulting,Services,Chennai,2,1404.06,2808.12,Individual
ORD-11416,2025-09-27,SnapInsight Pro Enterprise,Software & Cloud,Hyderabad,2,738.65,1477.3,Individual
ORD-11417,2025-01-07,Qualcomm AI DevKit,Electronics,Delhi NCR,1,424.27,424.27,Government
ORD-11418,2025-11-18,Snapdragon Laptop X1,Electronics,Delhi NCR,8,1267.72,10141.76,Government
ORD-11419,2025-02-13,Cloud Analytics Suite,Software & Cloud,Pune,2,525.24,1050.48,Individual
ORD-11420,2025-06-07,Laptop Stand Aluminum,Accessories,Delhi NCR,1,40.82,40.82,Government
ORD-11421,2025-03-05,Snapdragon Laptop X1,Electronics,Bengaluru,1,1202.22,1202.22,Enterprise
ORD-11422,2025-08-01,SnapInsight Pro Enterprise,Software & Cloud,Delhi NCR,5,790.67,3953.35,SMB
ORD-11423,2025-03-17,Noise-Canceling Headset,Accessories,Chennai,1,154.48,154.48,Individual
ORD-11424,2025-02-27,AI Implementation Consulting,Services,Mumbai,15,1609.55,24143.25,Enterprise
ORD-11425,2025-05-25,Thunderbolt 4 Dock,Accessories,Delhi NCR,2,192.19,384.38,Government
ORD-11426,2025-02-13,Mechanical Keyboard Pro,Electronics,Hyderabad,1,96.51,96.51,Government
ORD-11427,2025-12-14,AI Implementation Consulting,Services,Chennai,5,1529.94,7649.7,Government
ORD-11428,2025-05-27,Thunderbolt 4 Dock,Accessories,Hyderabad,1,192.47,192.47,Government
ORD-11429,2025-02-09,Qualcomm AI DevKit,Electronics,Mumbai,3,424.64,1273.92,Government
ORD-11430,2025-08-17,AI Implementation Consulting,Services,Hyderabad,1,1414.72,1414.72,Government
ORD-11431,2025-06-15,Cloud Analytics Suite,Software & Cloud,Bengaluru,3,499.54,1498.62,Government
ORD-11432,2025-09-04,Annual Support Package,Services,Bengaluru,3,629.01,1887.03,SMB
ORD-11433,2025-12-01,Data Sync Plugin,Software & Cloud,Hyderabad,2,120.62,241.24,Individual
ORD-11434,2025-04-28,AI Implementation Consulting,Services,Hyderabad,2,1548.74,3097.48,SMB
ORD-11435,2025-05-01,Thunderbolt 4 Dock,Accessories,Delhi NCR,1,181.68,181.68,Government
ORD-11436,2025-03-10,Snapdragon Laptop X1,Electronics,Bengaluru,5,1160.58,5802.9,SMB
ORD-11437,2025-03-15,AI Implementation Consulting,Services,Mumbai,1,1559.28,1559.28,Enterprise
ORD-11438,2025-03-02,Data Sync Plugin,Software & Cloud,Chennai,3,117.54,352.62,Individual
ORD-11439,2025-12-26,Mechanical Keyboard Pro,Electronics,Pune,1,87.86,87.86,SMB
ORD-11440,2025-07-07,SnapInsight Pro Enterprise,Software & Cloud,Delhi NCR,1,755.16,755.16,Individual
ORD-11441,2025-04-04,Annual Support Package,Services,Pune,1,597.14,597.14,Government
ORD-11442,2025-06-22,Annual Support Package,Services,Bengaluru,3,566.97,1700.91,Enterprise
ORD-11443,2025-11-25,Mechanical Keyboard Pro,Electronics,Pune,3,87.57,262.71,SMB
ORD-11444,2025-08-05,Annual Support Package,Services,Bengaluru,3,620.1,1860.3,Government
ORD-11445,2025-08-05,Security Shield v4,Software & Cloud,Pune,10,269.12,2691.2,Individual
ORD-11446,2025-03-06,Data Sync Plugin,Software & Cloud,Mumbai,2,113.93,227.86,Individual
ORD-11447,2025-10-14,Wireless Ergonomic Mouse,Electronics,Chennai,2,47.36,94.72,Individual
ORD-11448,2025-03-26,UltraVision Monitor 27,Electronics,Mumbai,2,328.07,656.14,Government
ORD-11449,2025-02-09,Noise-Canceling Headset,Accessories,Bengaluru,1,151.0,151.0,SMB
ORD-11450,2025-02-03,SnapInsight Pro Enterprise,Software & Cloud,Bengaluru,3,806.62,2419.86,SMB
ORD-11451,2025-11-23,Qualcomm AI DevKit,Electronics,Pune,1,454.59,454.59,Enterprise
ORD-11452,2025-09-05,Snapdragon Laptop X1,Electronics,Bengaluru,1,1292.26,1292.26,Enterprise
ORD-11453,2025-05-25,Annual Support Package,Services,Hyderabad,1,645.49,645.49,Government
ORD-11454,2025-12-26,UltraVision Monitor 27,Electronics,Chennai,2,350.12,700.24,Enterprise
ORD-11455,2025-03-18,Mechanical Keyboard Pro,Electronics,Hyderabad,3,91.81,275.43,Enterprise
ORD-11456,2025-03-19,AI Implementation Consulting,Services,Delhi NCR,5,1592.26,7961.3,SMB
ORD-11457,2025-12-15,Cloud Analytics Suite,Software & Cloud,Pune,15,495.8,7437.0,Government
ORD-11458,2025-03-09,Noise-Canceling Headset,Accessories,Hyderabad,1,159.38,159.38,Enterprise
ORD-11459,2025-12-16,AI Implementation Consulting,Services,Pune,1,1609.92,1609.92,Enterprise
ORD-11460,2025-10-18,AI Implementation Consulting,Services,Mumbai,4,1511.31,6045.24,Government
ORD-11461,2025-02-14,AI Implementation Consulting,Services,Mumbai,2,1418.75,2837.5,Government
ORD-11462,2025-05-24,Noise-Canceling Headset,Accessories,Mumbai,1,144.19,144.19,Individual
ORD-11463,2025-08-31,Laptop Stand Aluminum,Accessories,Mumbai,3,43.02,129.06,Enterprise
ORD-11464,2025-09-07,UltraVision Monitor 27,Electronics,Hyderabad,4,369.99,1479.96,Individual
ORD-11465,2025-12-15,Data Sync Plugin,Software & Cloud,Pune,1,117.57,117.57,Government
ORD-11466,2025-12-16,Annual Support Package,Services,Chennai,2,611.58,1223.16,Enterprise
ORD-11467,2025-11-26,Qualcomm AI DevKit,Electronics,Pune,3,425.13,1275.39,Enterprise
ORD-11468,2025-02-23,Laptop Stand Aluminum,Accessories,Hyderabad,1,38.23,38.23,Enterprise
ORD-11469,2025-08-25,UltraVision Monitor 27,Electronics,Chennai,2,328.11,656.22,Individual
ORD-11470,2025-04-03,Wireless Ergonomic Mouse,Electronics,Mumbai,3,43.77,131.31,Individual
ORD-11471,2025-06-12,Laptop Stand Aluminum,Accessories,Chennai,1,37.53,37.53,Individual
ORD-11472,2025-08-21,Mechanical Keyboard Pro,Electronics,Hyderabad,1,97.13,97.13,SMB
ORD-11473,2025-06-13,Mechanical Keyboard Pro,Electronics,Delhi NCR,3,99.4,298.2,Government
ORD-11474,2025-08-31,SnapInsight Pro Enterprise,Software & Cloud,Delhi NCR,1,770.54,770.54,Individual
ORD-11475,2025-11-22,SnapInsight Pro Enterprise,Software & Cloud,Bengaluru,1,746.46,746.46,Individual
ORD-11476,2025-08-20,Annual Support Package,Services,Bengaluru,1,631.73,631.73,SMB
ORD-11477,2025-02-17,Data Pipeline Setup,Services,Bengaluru,8,904.19,7233.52,SMB
ORD-11478,2025-08-03,Data Pipeline Setup,Services,Mumbai,2,927.91,1855.82,Individual
ORD-11479,2025-12-21,AI Implementation Consulting,Services,  Mumbai  ,2,1398.67,2797.34,SMB
ORD-11480,2025-12-08,Security Shield v4,Software & Cloud,Chennai,3,230.57,691.71,Government
ORD-11481,2025-08-23,Data Sync Plugin,Software & Cloud,Delhi NCR,4,115.45,461.8,Individual
ORD-11482,2025-01-02,AI Implementation Consulting,Services,Chennai,2,1388.76,2777.52,Enterprise
ORD-11483,2025-04-07,Annual Support Package,Services,Mumbai,2,572.75,1145.5,Individual
ORD-11484,2025-04-18,SnapInsight Pro Enterprise,Software & Cloud,Bengaluru,1,774.65,774.65,Enterprise
ORD-11485,2025-06-07,Wireless Ergonomic Mouse,Electronics,Hyderabad,2,44.35,88.7,Individual
ORD-11486,2025-06-30,Annual Support Package,Services,Bengaluru,10,640.93,6409.3,Enterprise
ORD-11487,2025-08-23,Data Pipeline Setup,Services,Pune,1,956.5,956.5,SMB
ORD-11488,2025-07-15,Laptop Stand Aluminum,Accessories,Chennai,2,43.17,86.34,Enterprise
ORD-11489,2025-02-23,Snapdragon Laptop X1,Electronics,Hyderabad,2,1199.31,2398.62,Enterprise
ORD-11490,2025-11-16,Wireless Ergonomic Mouse,Electronics,Delhi NCR,2,47.53,95.06,Government
ORD-11491,2025-04-19,Data Sync Plugin,Software & Cloud,Delhi NCR,2,126.84,253.68,SMB
ORD-11492,2025-03-05,Laptop Stand Aluminum,Accessories,Chennai,2,36.85,73.7,Individual
ORD-11493,2025-07-11,Security Shield v4,Software & Cloud,Chennai,1,242.3,242.3,Government
ORD-11494,2025-08-01,SnapInsight Pro Enterprise,Software & Cloud,Hyderabad,5,737.99,3689.95,Enterprise
ORD-11495,2025-03-20,Noise-Canceling Headset,Accessories,Pune,1,143.8,143.8,Individual
ORD-11496,2025-07-20,Data Sync Plugin,Software & Cloud,Pune,4,112.87,451.48,Individual
ORD-11497,2025-11-22,Annual Support Package,Services,Bengaluru,1,593.99,593.99,SMB
ORD-11498,2025-02-20,SnapInsight Pro Enterprise,Software & Cloud,Hyderabad,2,843.18,1686.36,Government
ORD-11499,2025-03-23,USB-C Fast Charger 100W,Accessories,Delhi NCR,1,50.7,50.7,Individual
ORD-11500,2025-10-31,SnapInsight Pro Enterprise,Software & Cloud,Pune,2,809.19,1618.38,Enterprise
ORD-11501,2025-01-13,Data Sync Plugin,Software & Cloud,Bengaluru,2,115.0,230.0,SMB
ORD-11502,2025-04-24,USB-C Fast Charger 100W,Accessories,Mumbai,2,57.38,114.76,Individual
ORD-11503,2025-12-04,UltraVision Monitor 27,Electronics,Mumbai,1,357.75,357.75,Enterprise
ORD-11504,2025-10-24,Snapdragon Laptop X1,Electronics,Pune,2,1124.56,2249.12,Enterprise
ORD-11505,2025-05-25,USB-C Fast Charger 100W,Accessories,Hyderabad,1,58.63,58.63,Government
ORD-11506,2025-04-17,AI Implementation Consulting,Services,Delhi NCR,2,1397.66,2795.32,Individual
ORD-11507,2025-11-17,Qualcomm AI DevKit,Electronics,Hyderabad,3,459.62,1378.86,Government
ORD-11508,2025-08-19,Cloud Analytics Suite,Software & Cloud,Mumbai,1,469.38,469.38,Enterprise
ORD-11509,2025-06-25,Laptop Stand Aluminum,Accessories,Pune,15,37.81,567.15,Enterprise
ORD-11510,2025-05-11,Qualcomm AI DevKit,Electronics,Pune,2,451.3,902.6,Enterprise
ORD-11511,2025-03-20,Security Shield v4,Software & Cloud,Mumbai,1,243.1,243.1,Enterprise
ORD-11512,2025-04-23,Qualcomm AI DevKit,Electronics,Hyderabad,1,482.63,482.63,SMB
ORD-11513,2025-06-28,Laptop Stand Aluminum,Accessories,Hyderabad,3,40.08,120.24,Individual
ORD-11514,2025-07-24,Security Shield v4,Software & Cloud,Chennai,1,268.47,268.47,Government
ORD-11515,2025-02-22,USB-C Fast Charger 100W,Accessories,Chennai,3,54.41,163.23,Individual
ORD-11516,2025-08-17,Annual Support Package,Services,Bengaluru,3,610.3,1830.9,Enterprise
ORD-11517,2025-08-08,Security Shield v4,Software & Cloud,Chennai,1,247.98,247.98,Enterprise
ORD-11518,2025-01-18,Laptop Stand Aluminum,Accessories,Chennai,1,39.35,39.35,
ORD-11519,2025-02-28,Security Shield v4,Software & Cloud,Mumbai,2,239.81,479.62,Government
ORD-11520,2025-04-21,Noise-Canceling Headset,Accessories,Bengaluru,1,138.23,138.23,Enterprise
ORD-11521,2025-12-19,UltraVision Monitor 27,Electronics,Pune,1,372.33,372.33,Government
ORD-11522,2025-10-15,Wireless Ergonomic Mouse,Electronics,Mumbai,1,42.14,42.14,SMB
ORD-11523,2025-05-23,Mechanical Keyboard Pro,Electronics,Hyderabad,5,92.23,461.15,Individual
ORD-11524,2025-06-13,Cloud Analytics Suite,Software & Cloud,Hyderabad,1,463.74,463.74,Individual
ORD-11525,2025-05-21,AI Implementation Consulting,Services,Mumbai,1,1521.88,1521.88,Government
ORD-11526,2025-05-02,UltraVision Monitor 27,Electronics,Pune,1,373.05,373.05,Enterprise
ORD-11527,2025-05-26,Data Sync Plugin,Software & Cloud,Pune,1,116.88,116.88,Enterprise
ORD-11528,2025-01-09,Wireless Ergonomic Mouse,Electronics,Hyderabad,1,43.38,43.38,Government
ORD-11529,2025-06-27,AI Implementation Consulting,Services,Bengaluru,2,1526.96,3053.92,Individual
ORD-11530,2025-07-21,Laptop Stand Aluminum,Accessories,Chennai,2,42.2,84.4,Enterprise
ORD-11531,2025-11-13,Snapdragon Laptop X1,Electronics,Delhi NCR,1,1124.19,1124.19,SMB
ORD-11532,2025-06-15,AI Implementation Consulting,Services,Mumbai,1,1575.88,1575.88,Government
ORD-11533,2025-10-03,Snapdragon Laptop X1,Electronics,Delhi NCR,1,1113.22,1113.22,Enterprise
ORD-11534,2025-06-05,UltraVision Monitor 27,Electronics,Pune,1,337.12,337.12,Individual
ORD-11535,2025-03-29,Data Sync Plugin,Software & Cloud,Bengaluru,1,124.86,124.86,SMB
ORD-11536,2025-07-31,Annual Support Package,Services,Pune,1,607.48,607.48,SMB
ORD-11537,2025-12-05,Data Pipeline Setup,Services,Chennai,1,908.33,908.33,Individual
ORD-11538,2025-05-16,Thunderbolt 4 Dock,Accessories,Mumbai,1,185.61,185.61,SMB
ORD-11539,2025-02-08,AI Implementation Consulting,Services,Chennai,1,1492.36,1492.36,SMB
ORD-11540,2025-07-17,Data Sync Plugin,Software & Cloud,Mumbai,1,125.0,125.0,Government
ORD-11541,2025-06-09,Annual Support Package,Services,Pune,1,639.76,639.76,Enterprise
ORD-11542,2025-04-23,Laptop Stand Aluminum,Accessories,Pune,10,41.79,417.9,SMB
ORD-11543,2025-04-07,UltraVision Monitor 27,Electronics,Chennai,2,375.28,750.56,Government
ORD-11544,2025-10-23,Qualcomm AI DevKit,Electronics,Delhi NCR,2,431.32,862.64,Enterprise
ORD-11545,2025-08-24,Security Shield v4,Software & Cloud,Chennai,1,244.08,244.08,Individual
ORD-11546,2025-03-02,UltraVision Monitor 27,Electronics,Mumbai,2,350.12,700.24,Individual
ORD-11547,2025-09-18,Thunderbolt 4 Dock,Accessories,Bengaluru,2,167.02,334.04,Enterprise
ORD-11548,2025-07-15,AI Implementation Consulting,Services,Hyderabad,1,1522.57,1522.57,SMB
ORD-11549,2025-09-29,Annual Support Package,Services,Chennai,2,614.05,1228.1,Enterprise
ORD-11550,2025-02-26,SnapInsight Pro Enterprise,Software & Cloud,Delhi NCR,1,766.56,766.56,Government
ORD-11551,2025-09-30,UltraVision Monitor 27,Electronics,Pune,1,343.95,343.95,Individual
ORD-11552,2025-02-21,Security Shield v4,Software & Cloud,Mumbai,2,243.91,487.82,SMB
ORD-11553,2025-05-28,Thunderbolt 4 Dock,Accessories,Pune,1,186.89,186.89,Individual
ORD-11554,2025-12-19,Cloud Analytics Suite,Software & Cloud,Delhi NCR,1,474.99,474.99,SMB
ORD-11555,2025-08-22,SnapInsight Pro Enterprise,Software & Cloud,Hyderabad,3,738.67,2216.01,Government
ORD-11556,2025-05-16,Qualcomm AI DevKit,Electronics,Delhi NCR,3,483.81,1451.43,Government
ORD-11557,2025-10-26,Wireless Ergonomic Mouse,Electronics,Hyderabad,4,41.73,166.92,Enterprise
ORD-11558,2025-01-09,USB-C Fast Charger 100W,Accessories,Mumbai,2,57.42,114.84,SMB
ORD-11559,2025-02-21,Noise-Canceling Headset,Accessories,Chennai,2,161.76,323.52,Government
ORD-11560,2025-05-12,Data Pipeline Setup,Services,Delhi NCR,1,919.77,919.77,Government
ORD-11561,2025-06-20,AI Implementation Consulting,Services,Pune,1,1415.5,1415.5,Enterprise
ORD-11562,2025-07-30,Cloud Analytics Suite,Software & Cloud,Delhi NCR,1,506.21,506.21,SMB
ORD-11563,2025-12-23,Data Pipeline Setup,Services,Delhi NCR,1,1013.94,1013.94,SMB
ORD-11564,2025-07-13,UltraVision Monitor 27,Electronics,Chennai,4,377.29,1509.16,Individual
ORD-11565,2025-09-27,Security Shield v4,Software & Cloud,Bengaluru,5,245.64,1228.2,Government
ORD-11566,2025-08-02,Noise-Canceling Headset,Accessories,Pune,1,158.02,158.02,Government
ORD-11567,2025-03-04,Data Pipeline Setup,Services,Bengaluru,2,890.75,1781.5,Government
ORD-11568,2025-01-05,Annual Support Package,Services,Chennai,1,602.23,602.23,SMB
ORD-11569,2025-05-29,Security Shield v4,Software & Cloud,Delhi NCR,2,230.62,461.24,Government
ORD-11570,2025-01-21,Security Shield v4,Software & Cloud,Delhi NCR,4,249.53,998.12,Enterprise
ORD-11571,2025-01-03,Data Pipeline Setup,Services,Delhi NCR,3,912.22,2736.66,Enterprise
ORD-11572,2025-06-29,USB-C Fast Charger 100W,Accessories,Chennai,8,51.86,414.88,Government
ORD-11573,2025-04-11,Annual Support Package,Services,Bengaluru,5,555.09,2775.45,SMB
ORD-11574,2025-07-01,Data Sync Plugin,Software & Cloud,Delhi NCR,2,128.07,256.14,Government
ORD-11575,2025-11-02,USB-C Fast Charger 100W,Accessories,Chennai,2,57.68,115.36,Government
ORD-11576,2025-03-13,Security Shield v4,Software & Cloud,Pune,1,242.04,242.04,SMB
ORD-11577,2025-02-13,Laptop Stand Aluminum,Accessories,Hyderabad,2,37.41,74.82,Individual
ORD-11578,2025-09-27,Annual Support Package,Services,Chennai,1,596.96,596.96,Government
ORD-11579,2025-08-07,Data Pipeline Setup,Services,Hyderabad,8,1012.71,8101.68,Enterprise
ORD-11580,2025-01-14,AI Implementation Consulting,Services,Pune,3,1568.79,4706.37,Government
ORD-11581,2025-10-25,USB-C Fast Charger 100W,Accessories,Pune,2,51.07,102.14,Government
ORD-11582,2025-07-21,Data Sync Plugin,Software & Cloud,Hyderabad,3,126.51,379.53,Individual
ORD-11583,2025-02-13,UltraVision Monitor 27,Electronics,Chennai,4,340.68,1362.72,Enterprise
ORD-11584,2025-02-19,Laptop Stand Aluminum,Accessories,Delhi NCR,3,41.54,124.62,Enterprise
ORD-11585,2025-12-12,Qualcomm AI DevKit,Electronics,Pune,2,423.82,847.64,Individual
ORD-11586,2025-12-12,Security Shield v4,Software & Cloud,Chennai,2,262.22,524.44,Enterprise
ORD-11587,2025-11-16,SnapInsight Pro Enterprise,Software & Cloud,Mumbai,1,802.54,802.54,Enterprise
ORD-11588,2025-05-07,SnapInsight Pro Enterprise,Software & Cloud,Pune,2,786.01,1572.02,Individual
ORD-11589,2025-03-04,Laptop Stand Aluminum,Accessories,Mumbai,2,42.19,84.38,SMB
ORD-11590,2025-10-07,Laptop Stand Aluminum,Accessories,Pune,4,39.57,158.28,Enterprise
ORD-11591,2025-11-22,Qualcomm AI DevKit,Electronics,Chennai,1,426.3,426.3,SMB
ORD-11592,2025-12-25,Data Sync Plugin,Software & Cloud,Bengaluru,2,128.81,257.62,Enterprise
ORD-11593,2025-09-10,Noise-Canceling Headset,Accessories,Chennai,1,149.14,149.14,Enterprise
ORD-11594,2025-08-06,SnapInsight Pro Enterprise,Software & Cloud,Delhi NCR,1,737.41,737.41,Individual
ORD-11595,2025-06-05,Mechanical Keyboard Pro,Electronics,Bengaluru,2,94.51,189.02,SMB
ORD-11596,2025-08-23,Thunderbolt 4 Dock,Accessories,Bengaluru,10,175.65,1756.5,SMB
ORD-11597,2025-09-26,Annual Support Package,Services,Chennai,1,585.78,585.78,SMB
ORD-11598,2025-10-16,Laptop Stand Aluminum,Accessories,Mumbai,3,41.82,125.46,Government
ORD-11599,2025-12-04,Laptop Stand Aluminum,Accessories,Chennai,1,39.21,39.21,Individual
ORD-11600,2025-08-30,Security Shield v4,Software & Cloud,Bengaluru,1,253.38,253.38,Government
ORD-11601,2025-07-26,Snapdragon Laptop X1,Electronics,Chennai,1,1148.49,1148.49,SMB
ORD-11602,2025-12-07,Wireless Ergonomic Mouse,Electronics,Hyderabad,5,46.87,234.35,Government
ORD-11603,2025-05-02,Qualcomm AI DevKit,Electronics,Hyderabad,3,480.41,1441.23,Individual
ORD-11604,2025-02-01,Thunderbolt 4 Dock,Accessories,Chennai,1,178.32,178.32,Enterprise
ORD-11605,2025-07-11,Qualcomm AI DevKit,Electronics,Chennai,1,441.19,441.19,Individual
ORD-11606,2025-11-23,Cloud Analytics Suite,Software & Cloud,Hyderabad,1,478.04,478.04,Government
ORD-11607,2025-03-24,Annual Support Package,Services,Mumbai,4,607.88,2431.52,Enterprise
ORD-11608,2025-11-19,Qualcomm AI DevKit,Electronics,Mumbai,1,439.89,439.89,Enterprise
ORD-11609,2025-07-28,UltraVision Monitor 27,Electronics,Chennai,1,332.65,332.65,Individual
ORD-11610,2025-04-17,Annual Support Package,Services,Pune,1,628.95,628.95,SMB
ORD-11611,2025-08-13,Annual Support Package,Services,Delhi NCR,1,564.21,564.21,Enterprise
ORD-11612,2025-09-22,Thunderbolt 4 Dock,Accessories,Mumbai,1,182.92,182.92,Enterprise
ORD-11613,2025-06-19,Qualcomm AI DevKit,Electronics,Bengaluru,4,442.11,1768.44,Government
ORD-11614,2025-07-03,Qualcomm AI DevKit,Electronics,Delhi NCR,8,475.43,3803.44,SMB
ORD-11615,2025-11-09,Laptop Stand Aluminum,Accessories,Pune,2,40.53,81.06,Enterprise
ORD-11616,2025-05-15,Snapdragon Laptop X1,Electronics,Bengaluru,1,1168.23,1168.23,SMB
ORD-11617,2025-01-31,Cloud Analytics Suite,Software & Cloud,Chennai,2,533.93,1067.86,Government
ORD-11618,2025-12-06,Qualcomm AI DevKit,Electronics,Pune,2,438.9,877.8,Enterprise
ORD-11619,2025-02-06,Annual Support Package,Services,Delhi NCR,3,642.87,1928.61,Individual
ORD-11620,2025-05-19,Snapdragon Laptop X1,Electronics,Pune,1,1228.86,1228.86,SMB
ORD-11621,2025-08-09,Data Pipeline Setup,Services,Mumbai,3,1015.55,3046.65,Enterprise
ORD-11622,2025-01-14,Data Sync Plugin,Software & Cloud,Chennai,3,121.01,363.03,Enterprise
ORD-11623,2025-01-27,Data Pipeline Setup,Services,Hyderabad,3,957.53,2872.59,Individual
ORD-11624,2025-03-01,AI Implementation Consulting,Services,Bengaluru,5,1426.47,7132.35,Government
ORD-11625,2025-08-12,Qualcomm AI DevKit,Electronics,Pune,1,430.35,430.35,Enterprise
ORD-11626,2025-10-02,Snapdragon Laptop X1,Electronics,Mumbai,4,1118.71,4474.84,Enterprise
ORD-11627,2025-03-06,AI Implementation Consulting,Services,Bengaluru,1,1524.58,1524.58,Government
ORD-11628,2025-05-06,USB-C Fast Charger 100W,Accessories,Hyderabad,2,56.38,112.76,Enterprise
ORD-11629,2025-02-09,USB-C Fast Charger 100W,Accessories,Chennai,2,58.5,117.0,Government
ORD-11630,2025-04-23,Annual Support Package,Services,Bengaluru,1,635.42,635.42,Government
ORD-11631,2025-05-06,Noise-Canceling Headset,Accessories,Pune,3,139.3,417.9,Enterprise
ORD-11632,2025-07-30,Data Pipeline Setup,Services,Mumbai,1,920.35,920.35,SMB
ORD-11633,2025-10-11,SnapInsight Pro Enterprise,Software & Cloud,Mumbai,1,861.17,861.17,Enterprise
ORD-11634,2025-12-24,Annual Support Package,Services,Delhi NCR,3,599.9,1799.7,Enterprise
ORD-11635,2025-01-18,Noise-Canceling Headset,Accessories,Bengaluru,2,139.43,278.86,Enterprise
ORD-11636,2025-11-09,Data Pipeline Setup,Services,Hyderabad,1,941.49,941.49,Individual
ORD-11637,2025-04-25,Data Sync Plugin,Software & Cloud,Hyderabad,1,123.08,123.08,Enterprise
ORD-11638,2025-01-17,Thunderbolt 4 Dock,Accessories,Bengaluru,5,188.94,944.7,Government
ORD-11639,2025-10-30,SnapInsight Pro Enterprise,Software & Cloud,Pune,1,846.82,846.82,Individual
ORD-11640,2025-01-30,Mechanical Keyboard Pro,Electronics,Chennai,1,100.45,100.45,Government
ORD-11641,2025-10-01,Data Pipeline Setup,Services,Pune,2,898.71,1797.42,Government
ORD-11642,2025-07-15,Annual Support Package,Services,Mumbai,15,639.14,9587.1,SMB
ORD-11643,2025-05-24,Thunderbolt 4 Dock,Accessories,Pune,15,175.32,2629.8,Government
ORD-11644,2025-07-22,Mechanical Keyboard Pro,Electronics,Bengaluru,1,99.29,99.29,Government
ORD-11645,2025-11-08,Snapdragon Laptop X1,Electronics,Chennai,1,1264.51,1264.51,Government
ORD-11646,2025-04-02,Data Pipeline Setup,Services,Delhi NCR,1,879.62,879.62,Individual
ORD-11647,2025-07-03,Annual Support Package,Services,Mumbai,4,557.62,2230.48,Individual
ORD-11648,2025-02-10,Noise-Canceling Headset,Accessories,Hyderabad,8,144.19,1153.52,SMB
ORD-11649,2025-05-22,Laptop Stand Aluminum,Accessories,Chennai,1,37.74,37.74,SMB
ORD-11650,2025-11-13,Qualcomm AI DevKit,Electronics,Delhi NCR,1,463.28,463.28,SMB
ORD-11651,2025-08-14,Thunderbolt 4 Dock,Accessories,Mumbai,2,193.01,386.02,Enterprise
ORD-11652,2025-05-13,Thunderbolt 4 Dock,Accessories,Bengaluru,3,182.9,548.7,Enterprise
ORD-11653,2025-06-29,Snapdragon Laptop X1,Electronics,Delhi NCR,2,1149.5,2299.0,Enterprise
ORD-11654,2025-06-16,Laptop Stand Aluminum,Accessories,Hyderabad,1,37.72,37.72,Government
ORD-11655,2025-06-17,Noise-Canceling Headset,Accessories,Chennai,10,149.3,1493.0,Government
ORD-11656,2025-05-31,Qualcomm AI DevKit,Electronics,Bengaluru,1,479.65,479.65,SMB
ORD-11657,2025-01-14,Mechanical Keyboard Pro,Electronics,Bengaluru,1,101.69,101.69,Government
ORD-11658,2025-07-13,Qualcomm AI DevKit,Electronics,Chennai,1,482.77,482.77,Enterprise
ORD-11659,2025-04-25,Annual Support Package,Services,Pune,3,610.28,1830.84,Enterprise
ORD-11660,2025-12-04,Data Pipeline Setup,Services,Pune,1,1012.48,1012.48,Government
ORD-11661,2025-06-18,Security Shield v4,Software & Cloud,Bengaluru,1,257.72,257.72,Enterprise
ORD-11662,2025-08-16,Data Pipeline Setup,Services,Pune,1,1013.02,1013.02,Enterprise
ORD-11663,2025-12-01,Annual Support Package,Services,Hyderabad,1,606.66,606.66,SMB
ORD-11664,2025-03-06,Data Sync Plugin,Software & Cloud,Chennai,3,122.03,366.09,SMB
ORD-11665,2025-05-27,Noise-Canceling Headset,Accessories,Hyderabad,1,150.12,150.12,
ORD-11666,2025-03-17,Annual Support Package,Services,Mumbai,5,636.13,3180.65,SMB
ORD-11667,2025-01-08,SnapInsight Pro Enterprise,Software & Cloud,Pune,2,831.09,1662.18,Individual
ORD-11668,2025-03-06,Wireless Ergonomic Mouse,Electronics,Mumbai,1,42.35,42.35,Enterprise
ORD-11669,2025-09-29,Data Pipeline Setup,Services,Hyderabad,1,982.22,982.22,SMB
ORD-11670,2025-03-02,Noise-Canceling Headset,Accessories,Pune,2,161.86,323.72,Enterprise
ORD-11671,2025-01-24,UltraVision Monitor 27,Electronics,Hyderabad,8,363.48,2907.84,Individual
ORD-11672,2025-08-12,Laptop Stand Aluminum,Accessories,Chennai,3,41.43,124.29,SMB
ORD-11673,2025-10-29,Qualcomm AI DevKit,Electronics,Pune,5,462.52,2312.6,Government
ORD-11674,2025-08-21,Data Pipeline Setup,Services,Pune,2,1017.6,2035.2,Government
ORD-11675,2025-02-19,Security Shield v4,Software & Cloud,Delhi NCR,2,241.41,482.82,Individual
ORD-11676,2025-07-16,USB-C Fast Charger 100W,Accessories,Delhi NCR,8,54.39,435.12,SMB
ORD-11677,2025-05-23,Thunderbolt 4 Dock,Accessories,Mumbai,1,173.89,173.89,Enterprise
ORD-11678,2025-09-07,AI Implementation Consulting,Services,Bengaluru,5,1617.31,8086.55,Government
ORD-11679,2025-02-24,Security Shield v4,Software & Cloud,Mumbai,1,231.09,231.09,SMB
ORD-11680,2025-01-21,SnapInsight Pro Enterprise,Software & Cloud,Delhi NCR,2,762.0,1524.0,Government
ORD-11681,2025-10-20,Annual Support Package,Services,Mumbai,2,580.31,1160.62,Individual
ORD-11682,2025-02-26,Wireless Ergonomic Mouse,Electronics,Hyderabad,5,42.03,210.15,Government
ORD-11683,2025-03-12,Thunderbolt 4 Dock,Accessories,Delhi NCR,8,186.55,1492.4,SMB
ORD-11684,2025-06-17,Security Shield v4,Software & Cloud,Chennai,1,258.27,258.27,Enterprise
ORD-11685,2025-06-11,Wireless Ergonomic Mouse,Electronics,Chennai,1,42.77,42.77,Government
ORD-11686,2025-10-13,Snapdragon Laptop X1,Electronics,Pune,1,1271.45,1271.45,Individual
ORD-11687,2025-04-23,Security Shield v4,Software & Cloud,Hyderabad,2,259.34,518.68,SMB
ORD-11688,2025-05-25,Cloud Analytics Suite,Software & Cloud,Delhi NCR,2,460.26,920.52,SMB
ORD-11689,2025-02-04,Annual Support Package,Services,Chennai,2,555.73,1111.46,SMB
ORD-11690,2025-12-19,Laptop Stand Aluminum,Accessories,Mumbai,2,39.9,79.8,Government
ORD-11691,2025-12-03,Security Shield v4,Software & Cloud,Bengaluru,4,249.61,998.44,Individual
ORD-11692,2025-11-19,Annual Support Package,Services,Hyderabad,1,561.27,561.27,Government
ORD-11693,2025-02-27,Laptop Stand Aluminum,Accessories,Bengaluru,8,41.04,328.32,SMB
ORD-11694,2025-03-01,Data Sync Plugin,Software & Cloud,Chennai,8,117.07,936.56,Enterprise
ORD-11695,2025-07-23,Data Sync Plugin,Software & Cloud,Hyderabad,4,123.59,494.36,Individual
ORD-11696,2025-01-15,Noise-Canceling Headset,Accessories,Hyderabad,2,151.49,302.98,Enterprise
ORD-11697,2025-06-15,Noise-Canceling Headset,Accessories,Hyderabad,2,147.57,295.14,Individual
ORD-11698,2025-01-28,Laptop Stand Aluminum,Accessories,Bengaluru,3,38.77,116.31,Enterprise
ORD-11699,2025-07-29,Cloud Analytics Suite,Software & Cloud,Chennai,2,535.83,1071.66,Enterprise
ORD-11700,2025-11-11,USB-C Fast Charger 100W,Accessories,Delhi NCR,2,57.66,115.32,Enterprise
ORD-11701,2025-02-16,Noise-Canceling Headset,Accessories,Pune,3,153.72,461.16,Enterprise
ORD-11702,2025-09-23,Security Shield v4,Software & Cloud,Mumbai,2,264.39,528.78,Individual
ORD-11703,2025-04-28,USB-C Fast Charger 100W,Accessories,Bengaluru,5,52.5,262.5,Individual
ORD-11704,2025-05-08,Snapdragon Laptop X1,Electronics,Pune,4,1200.29,4801.16,Enterprise
ORD-11705,2025-09-06,Qualcomm AI DevKit,Electronics,Delhi NCR,1,459.47,459.47,SMB
ORD-11706,2025-12-19,SnapInsight Pro Enterprise,Software & Cloud,Delhi NCR,1,819.88,819.88,Individual
ORD-11707,2025-03-09,Thunderbolt 4 Dock,Accessories,Pune,1,166.18,166.18,Individual
ORD-11708,2025-10-05,SnapInsight Pro Enterprise,Software & Cloud,Hyderabad,3,842.43,2527.29,SMB
ORD-11709,2025-06-09,Laptop Stand Aluminum,Accessories,Delhi NCR,2,38.55,77.1,Government
ORD-11710,2025-04-14,UltraVision Monitor 27,Electronics,Pune,8,343.09,2744.72,Individual
ORD-11711,2025-08-08,Qualcomm AI DevKit,Electronics,Pune,8,448.8,3590.4,Government
ORD-11712,2025-12-26,Data Sync Plugin,Software & Cloud,Hyderabad,1,128.67,128.67,Individual
ORD-11713,2025-10-07,Wireless Ergonomic Mouse,Electronics,Delhi NCR,1,46.95,46.95,Individual
ORD-11714,2025-08-17,Laptop Stand Aluminum,Accessories,Chennai,2,38.93,77.86,Government
ORD-11715,2025-11-19,Snapdragon Laptop X1,Electronics,Mumbai,2,1217.93,2435.86,Individual
ORD-11716,2025-02-12,Data Sync Plugin,Software & Cloud,Hyderabad,2,111.53,223.06,SMB
ORD-11717,2025-09-10,Laptop Stand Aluminum,Accessories,Bengaluru,1,37.03,37.03,SMB
ORD-11718,2025-12-19,AI Implementation Consulting,Services,Mumbai,1,1510.94,1510.94,Individual
ORD-11719,2025-06-10,Security Shield v4,Software & Cloud,Hyderabad,2,266.85,533.7,Enterprise
ORD-11720,2025-08-06,Wireless Ergonomic Mouse,Electronics,Delhi NCR,1,45.14,45.14,SMB
ORD-11721,2025-03-04,Cloud Analytics Suite,Software & Cloud,Delhi NCR,2,530.84,1061.68,Enterprise
ORD-11722,2025-09-11,Data Sync Plugin,Software & Cloud,Pune,1,118.07,118.07,Individual
ORD-11723,2025-06-01,Wireless Ergonomic Mouse,Electronics,Chennai,15,45.16,677.4,Government
ORD-11724,2025-11-11,USB-C Fast Charger 100W,Accessories,Pune,1,57.66,57.66,SMB
ORD-11725,2025-07-10,Laptop Stand Aluminum,Accessories,Bengaluru,2,37.85,75.7,SMB
ORD-11726,2025-08-31,UltraVision Monitor 27,Electronics,Mumbai,2,325.75,651.5,Individual
ORD-11727,2025-01-03,USB-C Fast Charger 100W,Accessories,Delhi NCR,1,53.51,53.51,Individual
ORD-11728,2025-02-01,Annual Support Package,Services,Bengaluru,1,585.12,585.12,SMB
ORD-11729,2025-01-08,Security Shield v4,Software & Cloud,Hyderabad,1,244.69,244.69,Government
ORD-11730,2025-07-26,USB-C Fast Charger 100W,Accessories,Mumbai,1,57.03,57.03,Enterprise
ORD-11731,2025-05-24,Security Shield v4,Software & Cloud,Mumbai,2,243.21,486.42,Individual
ORD-11732,2025-10-31,Laptop Stand Aluminum,Accessories,Delhi NCR,1,43.13,43.13,SMB
ORD-11733,2025-02-16,Cloud Analytics Suite,Software & Cloud,Delhi NCR,1,466.22,466.22,Government
ORD-11734,2025-01-27,Data Sync Plugin,Software & Cloud,Hyderabad,2,116.21,232.42,Government
ORD-11735,2025-03-02,Data Sync Plugin,Software & Cloud,Hyderabad,1,117.22,117.22,Individual
ORD-11736,2025-09-25,Thunderbolt 4 Dock,Accessories,Mumbai,5,192.83,964.15,SMB
ORD-11737,2025-05-23,Data Sync Plugin,Software & Cloud,Hyderabad,2,123.56,247.12,Government
ORD-11738,2025-10-13,Annual Support Package,Services,Delhi NCR,1,634.12,634.12,Government
ORD-11739,2025-12-10,Laptop Stand Aluminum,Accessories,Pune,1,39.25,39.25,SMB
ORD-11740,2025-04-02,Qualcomm AI DevKit,Electronics,Pune,2,414.4,828.8,SMB
ORD-11741,2025-06-08,Thunderbolt 4 Dock,Accessories,Bengaluru,5,183.08,915.4,Enterprise
ORD-11742,2025-01-18,Laptop Stand Aluminum,Accessories,Chennai,1,38.55,38.55,Government
ORD-11743,2025-01-30,Wireless Ergonomic Mouse,Electronics,Chennai,15,44.93,673.95,Individual
ORD-11744,2025-08-31,Snapdragon Laptop X1,Electronics,Pune,1,1239.48,1239.48,SMB
ORD-11745,2025-04-01,SnapInsight Pro Enterprise,Software & Cloud,Delhi NCR,2,792.75,1585.5,Enterprise
ORD-11746,2025-02-01,Thunderbolt 4 Dock,Accessories,Bengaluru,4,184.47,737.88,SMB
ORD-11747,2025-01-09,Noise-Canceling Headset,Accessories,Mumbai,5,150.39,751.95,Government
ORD-11748,2025-12-07,Data Pipeline Setup,Services,Chennai,4,883.87,3535.48,Enterprise
ORD-11749,2025-09-14,Security Shield v4,Software & Cloud,Hyderabad,1,241.02,241.02,Enterprise
ORD-11750,2025-04-12,AI Implementation Consulting,Services,Delhi NCR,2,1445.7,2891.4,Government
ORD-11751,2025-06-29,UltraVision Monitor 27,Electronics,Chennai,2,353.71,707.42,Enterprise
ORD-11752,2025-08-26,Snapdragon Laptop X1,Electronics,Mumbai,5,1139.65,5698.25,Enterprise
ORD-11753,2025-10-30,Qualcomm AI DevKit,Electronics,Mumbai,3,447.15,1341.45,Government
ORD-11754,2025-05-07,USB-C Fast Charger 100W,Accessories,Chennai,3,53.33,159.99,SMB
ORD-11755,2025-07-14,USB-C Fast Charger 100W,Accessories,Pune,1,54.24,54.24,Government
ORD-11756,2025-04-07,USB-C Fast Charger 100W,Accessories,Bengaluru,1,56.74,56.74,Government
ORD-11757,2025-05-16,Wireless Ergonomic Mouse,Electronics,Bengaluru,1,46.96,46.96,Government
ORD-11758,2025-09-25,Annual Support Package,Services,Mumbai,3,643.17,1929.51,Enterprise
ORD-11759,2025-10-27,AI Implementation Consulting,Services,Mumbai,2,1463.26,2926.52,Individual
ORD-11760,2025-12-16,USB-C Fast Charger 100W,Accessories,Pune,1,51.4,51.4,Government
ORD-11761,2025-04-18,USB-C Fast Charger 100W,Accessories,Delhi NCR,2,55.15,110.3,Enterprise
ORD-11762,2025-11-20,Data Sync Plugin,Software & Cloud,Pune,1,117.55,117.55,Government
ORD-11763,2025-07-13,UltraVision Monitor 27,Electronics,Chennai,3,370.68,1112.04,Government
ORD-11764,2025-01-05,Data Sync Plugin,Software & Cloud,Bengaluru,2,113.99,227.98,Enterprise
ORD-11765,2025-07-03,USB-C Fast Charger 100W,Accessories,Mumbai,2,54.46,108.92,Enterprise
ORD-11766,2025-11-12,Annual Support Package,Services,Hyderabad,2,597.46,1194.92,Individual
ORD-11767,2025-05-05,Noise-Canceling Headset,Accessories,Hyderabad,2,145.2,290.4,Individual
ORD-11768,2025-04-30,Wireless Ergonomic Mouse,Electronics,Bengaluru,2,45.67,91.34,Individual
ORD-11769,2025-03-25,Security Shield v4,Software & Cloud,Chennai,5,268.06,1340.3,SMB
ORD-11770,2025-10-18,Cloud Analytics Suite,Software & Cloud,Delhi NCR,3,484.74,1454.22,Enterprise
ORD-11771,2025-03-14,Laptop Stand Aluminum,Accessories,Hyderabad,1,41.02,41.02,Enterprise
ORD-11772,2025-04-13,Security Shield v4,Software & Cloud,Mumbai,1,264.31,264.31,SMB
ORD-11773,2025-08-12,Qualcomm AI DevKit,Electronics,Pune,1,414.36,414.36,Government
ORD-11774,2025-03-23,Thunderbolt 4 Dock,Accessories,Chennai,2,185.72,371.44,Individual
ORD-11775,2025-08-30,Data Pipeline Setup,Services,Delhi NCR,3,893.53,2680.59,Individual
ORD-11776,2025-03-10,Data Pipeline Setup,Services,Chennai,5,964.73,4823.65,Individual
ORD-11777,2025-10-01,UltraVision Monitor 27,Electronics,Chennai,2,334.41,668.82,Enterprise
ORD-11778,2025-11-08,Cloud Analytics Suite,Software & Cloud,Bengaluru,1,508.85,508.85,Enterprise
ORD-11779,2025-07-23,Qualcomm AI DevKit,Electronics,Mumbai,1,429.21,429.21,Enterprise
ORD-11780,2025-08-11,UltraVision Monitor 27,Electronics,Mumbai,1,330.44,330.44,Individual
ORD-11781,2025-06-09,Annual Support Package,Services,Delhi NCR,4,644.02,2576.08,Government
ORD-11782,2025-08-04,Cloud Analytics Suite,Software & Cloud,Pune,1,497.19,497.19,Enterprise
ORD-11783,2025-02-12,Thunderbolt 4 Dock,Accessories,Hyderabad,3,170.23,510.69,Enterprise
ORD-11784,2025-03-07,Annual Support Package,Services,Hyderabad,2,592.56,1185.12,Individual
ORD-11785,2025-01-28,Laptop Stand Aluminum,Accessories,Chennai,1,40.66,40.66,Enterprise
ORD-11786,2025-08-19,Laptop Stand Aluminum,Accessories,Pune,3,37.51,112.53,Government
ORD-11787,2025-04-02,Annual Support Package,Services,Chennai,3,566.44,1699.32,Enterprise
ORD-11788,2025-06-22,USB-C Fast Charger 100W,Accessories,Pune,2,54.43,108.86,Individual
ORD-11789,2025-08-26,Thunderbolt 4 Dock,Accessories,Hyderabad,1,176.17,176.17,Individual
ORD-11790,2025-11-03,Noise-Canceling Headset,Accessories,Chennai,2,156.4,312.8,Government
ORD-11791,2025-01-13,USB-C Fast Charger 100W,Accessories,Hyderabad,1,54.53,54.53,Enterprise
ORD-11792,2025-06-02,Mechanical Keyboard Pro,Electronics,Chennai,1,95.48,95.48,Enterprise
ORD-11793,2025-07-22,Cloud Analytics Suite,Software & Cloud,Delhi NCR,1,518.14,518.14,SMB
ORD-11794,2025-11-21,Data Pipeline Setup,Services,Bengaluru,5,978.73,4893.65,Individual
ORD-11795,2025-05-05,AI Implementation Consulting,Services,Bengaluru,1,1415.22,1415.22,Enterprise
ORD-11796,2025-11-23,Wireless Ergonomic Mouse,Electronics,Chennai,2,43.83,87.66,Enterprise
ORD-11797,2025-11-23,Laptop Stand Aluminum,Accessories,Mumbai,2,41.42,82.84,Government
ORD-11798,2025-02-10,AI Implementation Consulting,Services,Pune,3,1618.78,4856.34,Government
ORD-11799,2025-11-12,SnapInsight Pro Enterprise,Software & Cloud,Hyderabad,1,833.37,833.37,SMB
ORD-11800,2025-08-12,USB-C Fast Charger 100W,Accessories,Chennai,1,55.92,55.92,Enterprise
ORD-11801,2025-04-03,Noise-Canceling Headset,Accessories,Mumbai,1,156.77,156.77,Enterprise
ORD-11802,2025-12-03,Security Shield v4,Software & Cloud,Pune,1,233.89,233.89,Government
ORD-11803,2025-04-26,UltraVision Monitor 27,Electronics,Pune,1,362.78,362.78,Government
ORD-11804,2025-11-08,Annual Support Package,Services,Pune,2,603.98,1207.96,Government
ORD-11805,2025-09-01,UltraVision Monitor 27,Electronics,Bengaluru,1,330.5,330.5,Individual
ORD-11806,2025-09-13,Cloud Analytics Suite,Software & Cloud,Bengaluru,3,462.58,1387.74,Individual
ORD-11807,2025-10-20,Wireless Ergonomic Mouse,Electronics,Bengaluru,2,42.89,85.78,Enterprise
ORD-11808,2025-09-29,Noise-Canceling Headset,Accessories,Bengaluru,1,154.19,154.19,Individual
ORD-11809,2025-01-16,Cloud Analytics Suite,Software & Cloud,Pune,2,493.23,986.46,Individual
ORD-11810,2025-01-12,Laptop Stand Aluminum,Accessories,Hyderabad,10,39.22,392.2,SMB
ORD-11811,2025-03-05,Wireless Ergonomic Mouse,Electronics,Delhi NCR,1,42.69,42.69,Government
ORD-11812,2025-03-23,Annual Support Package,Services,Mumbai,2,638.44,1276.88,Individual
ORD-11813,2025-05-23,Noise-Canceling Headset,Accessories,Chennai,2,150.06,300.12,Government
ORD-11814,2025-09-30,AI Implementation Consulting,Services,Hyderabad,4,1448.71,5794.84,Individual
ORD-11815,2025-08-19,Cloud Analytics Suite,Software & Cloud,Delhi NCR,2,521.03,1042.06,Government
ORD-11816,2025-12-02,SnapInsight Pro Enterprise,Software & Cloud,Chennai,1,860.7,860.7,Individual
ORD-11817,2025-07-30,SnapInsight Pro Enterprise,Software & Cloud,Mumbai,2,812.74,1625.48,Enterprise
ORD-11818,2025-07-29,UltraVision Monitor 27,Electronics,Mumbai,2,360.32,720.64,Individual
ORD-11819,2025-07-09,Mechanical Keyboard Pro,Electronics,Chennai,5,95.79,478.95,Individual
ORD-11820,2025-04-09,Data Sync Plugin,Software & Cloud,Mumbai,1,119.47,119.47,SMB
ORD-11821,2025-04-13,USB-C Fast Charger 100W,Accessories,Delhi NCR,1,55.68,55.68,SMB
ORD-11822,2025-08-24,Data Sync Plugin,Software & Cloud,Mumbai,10,120.0,1200.0,Individual
ORD-11823,2025-02-26,USB-C Fast Charger 100W,Accessories,Chennai,1,50.66,50.66,Enterprise
ORD-11824,2025-01-17,Annual Support Package,Services,Hyderabad,15,627.17,9407.55,Enterprise
ORD-11825,2025-05-14,Mechanical Keyboard Pro,Electronics,Pune,2,94.07,188.14,Enterprise
ORD-11826,2025-01-31,Laptop Stand Aluminum,Accessories,Chennai,4,39.13,156.52,Enterprise
ORD-11827,2025-09-19,Data Pipeline Setup,Services,Delhi NCR,3,1002.75,3008.25,SMB
ORD-11828,2025-10-24,Qualcomm AI DevKit,Electronics,Chennai,1,424.22,424.22,Government
ORD-11829,2025-05-05,AI Implementation Consulting,Services,Bengaluru,1,1489.98,1489.98,Enterprise
ORD-11830,2025-09-09,Security Shield v4,Software & Cloud,Chennai,1,243.23,243.23,Individual
ORD-11831,2025-08-19,Noise-Canceling Headset,Accessories,Mumbai,2,150.52,301.04,SMB
ORD-11832,2025-01-14,Security Shield v4,Software & Cloud,Chennai,2,242.27,484.54,Government
ORD-11833,2025-03-23,Laptop Stand Aluminum,Accessories,Chennai,3,37.79,113.37,Government
ORD-11834,2025-12-22,Cloud Analytics Suite,Software & Cloud,Hyderabad,2,510.94,1021.88,Government
ORD-11835,2025-01-15,Security Shield v4,Software & Cloud,Delhi NCR,1,244.57,244.57,Government
ORD-11836,2025-09-18,Data Pipeline Setup,Services,Mumbai,2,971.87,1943.74,Government
ORD-11837,2025-10-28,Noise-Canceling Headset,Accessories,Hyderabad,1,158.9,158.9,SMB
ORD-11838,2025-09-04,Data Sync Plugin,Software & Cloud,Delhi NCR,5,116.97,584.85,Enterprise
ORD-11839,2025-06-08,Cloud Analytics Suite,Software & Cloud,Pune,1,512.0,512.0,Enterprise
ORD-11840,2025-07-02,Data Pipeline Setup,Services,Chennai,2,1001.68,2003.36,Enterprise
ORD-11841,2025-09-26,Cloud Analytics Suite,Software & Cloud,Delhi NCR,1,510.11,510.11,Individual
ORD-11842,2025-06-18,UltraVision Monitor 27,Electronics,Pune,2,376.34,752.68,Enterprise
ORD-11843,2025-01-29,Annual Support Package,Services,Mumbai,2,628.54,1257.08,Government
ORD-11844,2025-04-04,Cloud Analytics Suite,Software & Cloud,Hyderabad,3,463.22,1389.66,SMB
ORD-11845,2025-11-08,Noise-Canceling Headset,Accessories,Mumbai,1,159.75,159.75,Enterprise
ORD-11846,2025-03-09,Thunderbolt 4 Dock,Accessories,Mumbai,1,178.97,178.97,Individual
ORD-11847,2025-10-02,UltraVision Monitor 27,Electronics,Delhi NCR,3,348.78,1046.34,SMB
ORD-11848,2025-08-15,Wireless Ergonomic Mouse,Electronics,Pune,1,45.71,45.71,SMB
ORD-11849,2025-06-03,Mechanical Keyboard Pro,Electronics,Delhi NCR,2,99.22,198.44,Individual
ORD-11850,2025-04-10,AI Implementation Consulting,Services,Hyderabad,1,1498.23,1498.23,Government
ORD-11851,2025-04-01,Laptop Stand Aluminum,Accessories,Chennai,2,38.49,76.98,Government
ORD-11852,2025-09-30,Security Shield v4,Software & Cloud,Pune,1,255.04,255.04,Government
ORD-11853,2025-02-27,Data Sync Plugin,Software & Cloud,Pune,1,119.92,119.92,Individual
ORD-11854,2025-04-02,Wireless Ergonomic Mouse,Electronics,Delhi NCR,3,43.87,131.61,Individual
ORD-11855,2025-12-18,Cloud Analytics Suite,Software & Cloud,Mumbai,3,484.58,1453.74,SMB
ORD-11856,2025-06-06,Laptop Stand Aluminum,Accessories,Bengaluru,1,40.45,40.45,SMB
ORD-11857,2025-03-21,USB-C Fast Charger 100W,Accessories,Hyderabad,1,58.1,58.1,SMB
ORD-11858,2025-11-09,Security Shield v4,Software & Cloud,Hyderabad,8,261.19,2089.52,Individual
ORD-11859,2025-05-18,Security Shield v4,Software & Cloud,Bengaluru,2,235.8,471.6,Government
ORD-11860,2025-06-20,Noise-Canceling Headset,Accessories,Hyderabad,2,156.3,312.6,Individual
ORD-11861,2025-01-03,AI Implementation Consulting,Services,Bengaluru,8,1614.0,12912.0,SMB
ORD-11862,2025-05-21,Qualcomm AI DevKit,Electronics,Chennai,1,435.23,435.23,Government
ORD-11863,2025-07-11,UltraVision Monitor 27,Electronics,Hyderabad,2,353.25,706.5,Government
ORD-11864,2025-04-13,Data Sync Plugin,Software & Cloud,Delhi NCR,4,115.07,460.28,Enterprise
ORD-11865,2025-06-16,Annual Support Package,Services,Delhi NCR,2,618.03,1236.06,Individual
ORD-11866,2025-09-07,Security Shield v4,Software & Cloud,Pune,10,232.37,2323.7,Individual
ORD-11867,2025-01-29,Noise-Canceling Headset,Accessories,Hyderabad,2,140.66,281.32,Government
ORD-11868,2025-03-10,UltraVision Monitor 27,Electronics,Chennai,10,368.16,3681.6,Individual
ORD-11869,2025-03-19,USB-C Fast Charger 100W,Accessories,Hyderabad,2,53.49,106.98,SMB
ORD-11870,2025-10-07,Noise-Canceling Headset,Accessories,Mumbai,3,158.9,476.7,Enterprise
ORD-11871,2025-12-25,Noise-Canceling Headset,Accessories,Hyderabad,5,142.42,712.1,SMB
ORD-11872,2025-08-28,Data Sync Plugin,Software & Cloud,Mumbai,1,115.3,115.3,Government
ORD-11873,2025-01-12,SnapInsight Pro Enterprise,Software & Cloud,Hyderabad,2,839.18,1678.36,Individual
ORD-11874,2025-01-25,Mechanical Keyboard Pro,Electronics,Pune,1,102.53,102.53,Individual
ORD-11875,2025-09-16,Laptop Stand Aluminum,Accessories,Bengaluru,1,41.5,41.5,Enterprise
ORD-11876,2025-10-17,Mechanical Keyboard Pro,Electronics,Pune,3,99.54,298.62,SMB
ORD-11877,2025-02-14,Annual Support Package,Services,Mumbai,3,625.64,1876.92,Enterprise
ORD-11878,2025-08-09,Laptop Stand Aluminum,Accessories,Chennai,2,40.96,81.92,SMB
ORD-11879,2025-02-07,Security Shield v4,Software & Cloud,Chennai,2,265.58,531.16,Individual
ORD-11880,2025-07-25,Thunderbolt 4 Dock,Accessories,Hyderabad,2,165.85,331.7,Enterprise
ORD-11881,2025-06-15,AI Implementation Consulting,Services,Mumbai,1,1507.77,1507.77,Government
ORD-11882,2025-12-01,Security Shield v4,Software & Cloud,Chennai,5,237.55,1187.75,SMB
ORD-11883,2025-03-17,Security Shield v4,Software & Cloud,Delhi NCR,1,261.18,261.18,Enterprise
ORD-11884,2025-10-04,Thunderbolt 4 Dock,Accessories,Bengaluru,1,184.56,184.56,SMB
ORD-11885,2025-04-14,USB-C Fast Charger 100W,Accessories,Bengaluru,2,58.84,117.68,SMB
ORD-11886,2025-04-22,Thunderbolt 4 Dock,Accessories,Hyderabad,1,189.62,189.62,Enterprise
ORD-11887,2025-07-12,Wireless Ergonomic Mouse,Electronics,Chennai,4,44.14,176.56,SMB
ORD-11888,2025-08-17,Data Pipeline Setup,Services,Hyderabad,1,888.11,888.11,Enterprise
ORD-11889,2025-03-31,Qualcomm AI DevKit,Electronics,Delhi NCR,3,467.33,1401.99,Individual
ORD-11890,2025-07-03,Laptop Stand Aluminum,Accessories,Delhi NCR,1,39.86,39.86,Government
ORD-11891,2025-09-18,Wireless Ergonomic Mouse,Electronics,Hyderabad,1,44.28,44.28,Individual
ORD-11892,2025-02-21,Noise-Canceling Headset,Accessories,Delhi NCR,8,160.7,1285.6,Individual
ORD-11893,2025-11-30,USB-C Fast Charger 100W,Accessories,Delhi NCR,15,58.31,874.65,Individual
ORD-11894,2025-01-09,Noise-Canceling Headset,Accessories,Mumbai,1,151.55,151.55,SMB
ORD-11895,2025-03-07,Cloud Analytics Suite,Software & Cloud,Delhi NCR,3,507.7,1523.1,Enterprise
ORD-11896,2025-04-18,Noise-Canceling Headset,Accessories,Mumbai,2,142.14,284.28,Individual
ORD-11897,2025-09-23,Cloud Analytics Suite,Software & Cloud,Delhi NCR,1,462.4,462.4,SMB
ORD-11898,2025-04-15,Laptop Stand Aluminum,Accessories,Bengaluru,2,36.98,73.96,Government
ORD-11899,2025-01-14,Thunderbolt 4 Dock,Accessories,Delhi NCR,5,191.91,959.55,SMB
ORD-11900,2025-01-24,Annual Support Package,Services,Mumbai,3,561.61,1684.83,SMB
ORD-11901,2025-06-28,SnapInsight Pro Enterprise,Software & Cloud,Delhi NCR,2,860.0,1720.0,Enterprise
ORD-11902,2025-08-26,Annual Support Package,Services,Pune,2,581.9,1163.8,Enterprise
ORD-11903,2025-08-29,USB-C Fast Charger 100W,Accessories,Pune,1,59.02,59.02,Government
ORD-11904,2025-12-09,Wireless Ergonomic Mouse,Electronics,Pune,2,42.31,84.62,SMB
ORD-11905,2025-09-21,Cloud Analytics Suite,Software & Cloud,Delhi NCR,1,517.38,517.38,Enterprise
ORD-11906,2025-05-25,Qualcomm AI DevKit,Electronics,Mumbai,1,437.66,437.66,Government
ORD-11907,2025-08-25,USB-C Fast Charger 100W,Accessories,Bengaluru,1,55.7,55.7,SMB
ORD-11908,2025-01-18,Annual Support Package,Services,Mumbai,1,553.37,553.37,SMB
ORD-11909,2025-11-21,Qualcomm AI DevKit,Electronics,Bengaluru,1,455.19,455.19,Enterprise
ORD-11910,2025-09-05,USB-C Fast Charger 100W,Accessories,Pune,2,54.58,109.16,Individual
ORD-11911,2025-04-20,Annual Support Package,Services,Hyderabad,1,623.52,623.52,Enterprise
ORD-11912,2025-12-02,Noise-Canceling Headset,Accessories,Mumbai,15,146.18,2192.7,Government
ORD-11913,2025-09-07,Annual Support Package,Services,Bengaluru,1,558.06,558.06,Government
ORD-11914,2025-07-07,Annual Support Package,Services,Pune,1,561.08,561.08,SMB
ORD-11915,2025-08-23,Snapdragon Laptop X1,Electronics,Bengaluru,2,1271.67,2543.34,SMB
ORD-11916,2025-06-07,Data Pipeline Setup,Services,Delhi NCR,2,934.43,1868.86,SMB
ORD-11917,2025-09-19,Cloud Analytics Suite,Software & Cloud,Mumbai,4,475.89,1903.56,Enterprise
ORD-11918,2025-07-01,SnapInsight Pro Enterprise,Software & Cloud,Bengaluru,4,824.79,3299.16,SMB
ORD-11919,2025-09-29,Security Shield v4,Software & Cloud,Chennai,1,255.4,255.4,SMB
ORD-11920,2025-11-13,Cloud Analytics Suite,Software & Cloud,Pune,2,528.66,1057.32,Individual
ORD-11921,2025-05-23,Wireless Ergonomic Mouse,Electronics,Pune,1,47.83,47.83,Individual
ORD-11922,2025-08-28,USB-C Fast Charger 100W,Accessories,Bengaluru,3,51.26,153.78,Enterprise
ORD-11923,2025-10-12,USB-C Fast Charger 100W,Accessories,Pune,5,51.12,255.6,Enterprise
ORD-11924,2025-07-30,Cloud Analytics Suite,Software & Cloud,Mumbai,2,491.3,982.6,SMB
ORD-11925,2025-03-23,Data Pipeline Setup,Services,Mumbai,2,884.72,1769.44,Government
ORD-11926,2025-05-22,Data Sync Plugin,Software & Cloud,Chennai,1,114.35,114.35,SMB
ORD-11927,2025-03-14,Noise-Canceling Headset,Accessories,Delhi NCR,1,150.58,150.58,Government
ORD-11928,2025-11-18,AI Implementation Consulting,Services,Bengaluru,3,1509.9,4529.7,Enterprise
ORD-11929,2025-11-09,AI Implementation Consulting,Services,Chennai,1,1590.06,1590.06,Government
ORD-11930,2025-01-21,Data Pipeline Setup,Services,Hyderabad,1,962.92,962.92,Individual
ORD-11931,2025-12-21,Data Pipeline Setup,Services,Delhi NCR,1,1025.64,1025.64,Enterprise
ORD-11932,2025-11-05,USB-C Fast Charger 100W,Accessories,Chennai,4,57.96,231.84,Individual
ORD-11933,2025-08-10,AI Implementation Consulting,Services,Bengaluru,2,1597.14,3194.28,Government
ORD-11934,2025-11-24,Laptop Stand Aluminum,Accessories,Bengaluru,3,37.33,111.99,Government
ORD-11935,2025-02-21,AI Implementation Consulting,Services,Mumbai,2,1539.75,3079.5,Individual
ORD-11936,2025-02-23,Annual Support Package,Services,Pune,2,610.24,1220.48,Individual
ORD-11937,2025-12-08,AI Implementation Consulting,Services,Pune,2,1518.15,3036.3,Enterprise
ORD-11938,2025-03-02,Security Shield v4,Software & Cloud,Chennai,2,262.61,525.22,Individual
ORD-11939,2025-01-21,Laptop Stand Aluminum,Accessories,Pune,4,42.82,171.28,Enterprise
ORD-11940,2025-11-18,Annual Support Package,Services,Mumbai,5,554.32,2771.6,SMB
ORD-11941,2025-06-18,UltraVision Monitor 27,Electronics,Delhi NCR,5,369.57,1847.85,Individual
ORD-11942,2025-05-10,Noise-Canceling Headset,Accessories,Mumbai,1,148.7,148.7,Government
ORD-11943,2025-01-25,Laptop Stand Aluminum,Accessories,Chennai,3,41.72,125.16,Government
ORD-11944,2025-03-24,Security Shield v4,Software & Cloud,Bengaluru,3,263.79,791.37,SMB
ORD-11945,2025-02-15,Noise-Canceling Headset,Accessories,Chennai,2,145.6,291.2,
ORD-11946,2025-06-06,Snapdragon Laptop X1,Electronics,Bengaluru,2,1226.78,2453.56,Individual
ORD-11947,2025-07-15,Security Shield v4,Software & Cloud,  Mumbai  ,4,243.48,973.92,Government
ORD-11948,2025-08-13,USB-C Fast Charger 100W,Accessories,Bengaluru,8,51.58,412.64,Enterprise
ORD-11949,2025-10-25,Noise-Canceling Headset,Accessories,Pune,3,147.55,442.65,SMB
ORD-11950,2025-12-23,Qualcomm AI DevKit,Electronics,Chennai,1,475.36,475.36,Individual
ORD-11951,2025-03-16,Noise-Canceling Headset,Accessories,Hyderabad,1,158.28,158.28,Enterprise
ORD-11952,2025-05-31,UltraVision Monitor 27,Electronics,Hyderabad,15,335.77,5036.55,Enterprise
ORD-11953,2025-03-21,Thunderbolt 4 Dock,Accessories,Chennai,2,172.67,345.34,SMB
ORD-11954,2025-04-26,Annual Support Package,Services,Mumbai,4,580.49,2321.96,Enterprise
ORD-11955,2025-01-11,Data Pipeline Setup,Services,Pune,2,936.67,1873.34,SMB
ORD-11956,2025-09-23,Annual Support Package,Services,Hyderabad,2,619.85,1239.7,Government
ORD-11957,2025-07-06,Laptop Stand Aluminum,Accessories,Mumbai,1,40.26,40.26,Government
ORD-11958,2025-02-09,Security Shield v4,Software & Cloud,Chennai,4,261.82,1047.28,SMB
ORD-11959,2025-10-24,SnapInsight Pro Enterprise,Software & Cloud,Pune,10,804.53,8045.3,Individual
ORD-11960,2025-02-23,Security Shield v4,Software & Cloud,Chennai,3,248.61,745.83,SMB
ORD-11961,2025-10-22,Wireless Ergonomic Mouse,Electronics,Hyderabad,2,41.87,83.74,Individual
ORD-11962,2025-03-29,Mechanical Keyboard Pro,Electronics,Chennai,2,101.02,202.04,Enterprise
ORD-11963,2025-09-02,SnapInsight Pro Enterprise,Software & Cloud,Delhi NCR,3,808.93,2426.79,Government
ORD-11964,2025-01-15,Data Pipeline Setup,Services,Mumbai,3,906.71,2720.13,Individual
ORD-11965,2025-08-20,Noise-Canceling Headset,Accessories,Pune,1,141.46,141.46,Individual
ORD-11966,2025-10-04,Thunderbolt 4 Dock,Accessories,Delhi NCR,10,182.52,1825.2,Government
ORD-11967,2025-02-06,Mechanical Keyboard Pro,Electronics,Mumbai,2,91.18,182.36,SMB
ORD-11968,2025-11-04,Cloud Analytics Suite,Software & Cloud,Hyderabad,1,486.54,486.54,Enterprise
ORD-11969,2025-02-18,Annual Support Package,Services,Chennai,3,629.27,1887.81,Individual
ORD-11970,2025-07-15,AI Implementation Consulting,Services,Mumbai,4,1454.69,5818.76,Enterprise
ORD-11971,2025-04-01,Data Pipeline Setup,Services,Mumbai,2,935.02,1870.04,Government
ORD-11972,2025-04-27,Thunderbolt 4 Dock,Accessories,Delhi NCR,1,166.19,166.19,Government
ORD-11973,2025-11-07,Mechanical Keyboard Pro,Electronics,Bengaluru,1,89.96,89.96,Enterprise
ORD-11974,2025-09-28,Snapdragon Laptop X1,Electronics,Bengaluru,1,1257.61,1257.61,Enterprise
ORD-11975,2025-10-18,Thunderbolt 4 Dock,Accessories,Mumbai,8,170.84,1366.72,Individual
ORD-11976,2025-04-22,Thunderbolt 4 Dock,Accessories,Mumbai,4,182.13,728.52,Government
ORD-11977,2025-08-14,Cloud Analytics Suite,Software & Cloud,Hyderabad,4,509.77,2039.08,Enterprise
ORD-11978,2025-10-03,UltraVision Monitor 27,Electronics,Delhi NCR,5,360.25,1801.25,Government
ORD-11979,2025-10-30,SnapInsight Pro Enterprise,Software & Cloud,Pune,2,863.66,1727.32,SMB
ORD-11980,2025-06-22,Annual Support Package,Services,Hyderabad,2,642.63,1285.26,
ORD-11981,2025-12-09,UltraVision Monitor 27,Electronics,Mumbai,1,375.78,375.78,SMB
ORD-11982,2025-09-09,Data Sync Plugin,Software & Cloud,Delhi NCR,1,125.97,125.97,Individual
ORD-11983,2025-12-04,Mechanical Keyboard Pro,Electronics,Chennai,1,101.26,101.26,Government
ORD-11984,2025-10-16,Annual Support Package,Services,Bengaluru,2,565.01,1130.02,Government
ORD-11985,2025-04-12,Laptop Stand Aluminum,Accessories,Hyderabad,2,39.94,79.88,Enterprise
ORD-11986,2025-09-09,UltraVision Monitor 27,Electronics,Pune,2,339.13,678.26,Individual
ORD-11987,2025-05-28,Mechanical Keyboard Pro,Electronics,Mumbai,4,92.07,368.28,Enterprise
ORD-11988,2025-10-28,Security Shield v4,Software & Cloud,Pune,3,231.89,695.67,Enterprise
ORD-11989,2025-06-05,AI Implementation Consulting,Services,Pune,1,1577.7,1577.7,Enterprise
ORD-11990,2025-12-17,Annual Support Package,Services,Mumbai,2,617.39,1234.78,Government
ORD-11991,2025-01-23,SnapInsight Pro Enterprise,Software & Cloud,Mumbai,2,827.19,1654.38,SMB
ORD-11992,2025-02-07,Data Sync Plugin,Software & Cloud,Chennai,1,111.27,111.27,Enterprise
ORD-11993,2025-07-15,SnapInsight Pro Enterprise,Software & Cloud,Delhi NCR,5,820.43,4102.15,SMB
ORD-11994,2025-06-19,Data Sync Plugin,Software & Cloud,Bengaluru,4,111.26,445.04,Individual
ORD-11995,2025-03-14,Security Shield v4,Software & Cloud,Hyderabad,5,238.2,1191.0,Government
ORD-11996,2025-12-01,Laptop Stand Aluminum,Accessories,Hyderabad,3,39.21,117.63,Individual
ORD-11997,2025-04-08,Data Pipeline Setup,Services,Chennai,2,880.35,1760.7,Individual
ORD-11998,2025-08-18,Cloud Analytics Suite,Software & Cloud,Delhi NCR,1,472.71,472.71,Enterprise
ORD-11999,2025-09-08,Qualcomm AI DevKit,Electronics,Mumbai,2,482.78,965.56,Government
ORD-12000,2025-12-22,Data Pipeline Setup,Services,Bengaluru,2,890.49,1780.98,Government
ORD-12001,2025-03-03,AI Implementation Consulting,Services,Pune,8,1428.19,11425.52,Individual
ORD-12002,2025-09-23,Wireless Ergonomic Mouse,Electronics,Delhi NCR,2,41.67,83.34,SMB
ORD-12003,2025-07-18,SnapInsight Pro Enterprise,Software & Cloud,Delhi NCR,3,791.8,2375.4,SMB
ORD-12004,2025-07-09,Annual Support Package,Services,Pune,1,615.64,615.64,Enterprise
ORD-12005,2025-09-15,Cloud Analytics Suite,Software & Cloud,Delhi NCR,3,535.89,1607.67,Enterprise
ORD-12006,2025-06-24,USB-C Fast Charger 100W,Accessories,Mumbai,1,54.04,54.04,Enterprise
ORD-12007,2025-03-20,Thunderbolt 4 Dock,Accessories,Chennai,1,175.27,175.27,SMB
ORD-12008,2025-08-13,Wireless Ergonomic Mouse,Electronics,Mumbai,1,45.41,45.41,Government
ORD-12009,2025-03-15,Thunderbolt 4 Dock,Accessories,Delhi NCR,1,180.52,180.52,Individual
ORD-12010,2025-01-09,Security Shield v4,Software & Cloud,Mumbai,1,257.37,257.37,Enterprise
ORD-12011,2025-01-04,AI Implementation Consulting,Services,Hyderabad,2,1585.68,3171.36,Enterprise
ORD-12012,2025-11-18,Mechanical Keyboard Pro,Electronics,Delhi NCR,2,101.65,203.3,Individual
ORD-12013,2025-11-27,Data Pipeline Setup,Services,Hyderabad,3,1012.36,3037.08,Individual
ORD-12014,2025-05-02,Annual Support Package,Services,Chennai,1,598.0,598.0,Individual
ORD-12015,2025-03-20,Annual Support Package,Services,Mumbai,4,579.54,2318.16,SMB
ORD-12016,2025-03-31,Data Pipeline Setup,Services,Bengaluru,5,939.62,4698.1,Enterprise
ORD-12017,2025-06-03,SnapInsight Pro Enterprise,Software & Cloud,Chennai,2,862.4,1724.8,SMB
ORD-12018,2025-03-06,USB-C Fast Charger 100W,Accessories,Hyderabad,8,54.65,437.2,Individual
ORD-12019,2025-08-20,Data Pipeline Setup,Services,Bengaluru,2,975.14,1950.28,Government
ORD-12020,2025-03-10,Cloud Analytics Suite,Software & Cloud,Mumbai,1,535.84,535.84,SMB
ORD-12021,2025-12-04,Laptop Stand Aluminum,Accessories,Hyderabad,2,40.92,81.84,Government
ORD-12022,2025-04-20,AI Implementation Consulting,Services,Pune,2,1452.08,2904.16,
ORD-12023,2025-11-16,AI Implementation Consulting,Services,Bengaluru,1,1538.32,1538.32,SMB
ORD-12024,2025-09-22,AI Implementation Consulting,Services,Delhi NCR,8,1472.63,11781.04,SMB
ORD-12025,2025-12-08,Security Shield v4,Software & Cloud,Chennai,10,255.65,2556.5,SMB
ORD-12026,2025-10-22,Cloud Analytics Suite,Software & Cloud,Hyderabad,2,529.44,1058.88,SMB
ORD-12027,2025-03-08,Data Pipeline Setup,Services,Pune,2,976.78,1953.56,Enterprise
ORD-12028,2025-02-03,Snapdragon Laptop X1,Electronics,Delhi NCR,1,1267.7,1267.7,Government
ORD-12029,2025-06-10,USB-C Fast Charger 100W,Accessories,Mumbai,3,58.0,174.0,Government
ORD-12030,2025-07-05,Laptop Stand Aluminum,Accessories,Chennai,2,38.65,77.3,SMB
ORD-12031,2025-02-21,Cloud Analytics Suite,Software & Cloud,Delhi NCR,1,472.66,472.66,Individual
ORD-12032,2025-10-10,Annual Support Package,Services,Chennai,10,645.71,6457.1,SMB
ORD-12033,2025-12-06,Data Sync Plugin,Software & Cloud,Delhi NCR,1,127.3,127.3,SMB
ORD-12034,2025-08-31,Data Pipeline Setup,Services,Delhi NCR,1,1015.5,1015.5,Government
ORD-12035,2025-10-27,Data Sync Plugin,Software & Cloud,Hyderabad,5,127.4,637.0,Government
ORD-12036,2025-02-13,Thunderbolt 4 Dock,Accessories,Pune,1,185.11,185.11,Government
ORD-12037,2025-03-18,Qualcomm AI DevKit,Electronics,Bengaluru,8,465.22,3721.76,Government
ORD-12038,2025-02-12,Laptop Stand Aluminum,Accessories,Pune,1,43.15,43.15,Individual
ORD-12039,2025-07-06,USB-C Fast Charger 100W,Accessories,Pune,2,54.91,109.82,Enterprise
ORD-12040,2025-03-27,Qualcomm AI DevKit,Electronics,Bengaluru,3,485.72,1457.16,Individual
ORD-12041,2025-06-22,UltraVision Monitor 27,Electronics,Chennai,3,358.93,1076.79,Individual
ORD-12042,2025-06-20,Qualcomm AI DevKit,Electronics,Pune,4,466.89,1867.56,Enterprise
ORD-12043,2025-01-10,Laptop Stand Aluminum,Accessories,Hyderabad,1,39.29,39.29,Individual
ORD-12044,2025-12-22,Laptop Stand Aluminum,Accessories,Pune,1,39.41,39.41,Individual
ORD-12045,2025-06-25,Security Shield v4,Software & Cloud,Pune,3,249.55,748.65,SMB
ORD-12046,2025-05-17,Wireless Ergonomic Mouse,Electronics,Delhi NCR,5,47.6,238.0,Government
ORD-12047,2025-02-28,Qualcomm AI DevKit,Electronics,Delhi NCR,4,419.36,1677.44,SMB
ORD-12048,2025-07-11,Qualcomm AI DevKit,Electronics,Mumbai,2,476.19,952.38,Enterprise
ORD-12049,2025-01-05,UltraVision Monitor 27,Electronics,Pune,4,330.75,1323.0,Enterprise
ORD-12050,2025-11-17,Annual Support Package,Services,Chennai,4,610.81,2443.24,Enterprise
ORD-12051,2025-01-29,Cloud Analytics Suite,Software & Cloud,Delhi NCR,5,467.34,2336.7,SMB
ORD-12052,2025-02-16,Wireless Ergonomic Mouse,Electronics,Mumbai,3,41.76,125.28,SMB
ORD-12053,2025-02-10,Data Pipeline Setup,Services,Mumbai,2,998.27,1996.54,Individual
ORD-12054,2025-09-11,Data Sync Plugin,Software & Cloud,Chennai,1,118.9,118.9,Enterprise
ORD-12055,2025-09-17,Snapdragon Laptop X1,Electronics,Mumbai,1,1131.63,1131.63,Government
ORD-12056,2025-10-05,SnapInsight Pro Enterprise,Software & Cloud,Delhi NCR,3,759.94,2279.82,SMB
ORD-12057,2025-06-14,Cloud Analytics Suite,Software & Cloud,Pune,1,508.12,508.12,Government
ORD-12058,2025-09-17,USB-C Fast Charger 100W,Accessories,Bengaluru,2,55.27,110.54,SMB
ORD-12059,2025-12-02,Noise-Canceling Headset,Accessories,Delhi NCR,3,139.51,418.53,Enterprise
ORD-12060,2025-06-26,Mechanical Keyboard Pro,Electronics,Hyderabad,3,97.65,292.95,Enterprise
ORD-12061,2025-08-17,Snapdragon Laptop X1,Electronics,Bengaluru,1,1213.29,1213.29,Enterprise
ORD-12062,2025-06-13,Data Pipeline Setup,Services,Hyderabad,3,949.95,2849.85,Government
ORD-12063,2025-09-08,USB-C Fast Charger 100W,Accessories,Mumbai,1,56.68,56.68,Enterprise
ORD-12064,2025-07-29,Data Pipeline Setup,Services,Hyderabad,1,1006.04,1006.04,Individual
ORD-12065,2025-08-26,AI Implementation Consulting,Services,Hyderabad,1,1607.91,1607.91,Individual
ORD-12066,2025-03-13,Laptop Stand Aluminum,Accessories,Chennai,10,39.36,393.6,SMB
ORD-12067,2025-01-08,Annual Support Package,Services,Mumbai,5,572.83,2864.15,SMB
ORD-12068,2025-01-09,Data Pipeline Setup,Services,Bengaluru,1,877.3,877.3,
ORD-12069,2025-07-20,Security Shield v4,Software & Cloud,Pune,4,239.11,956.44,Government
ORD-12070,2025-09-07,Data Pipeline Setup,Services,Mumbai,2,1021.3,2042.6,Individual
ORD-12071,2025-01-31,Thunderbolt 4 Dock,Accessories,Bengaluru,1,183.11,183.11,Individual
ORD-12072,2025-03-14,Data Sync Plugin,Software & Cloud,Hyderabad,4,110.65,442.6,Individual
ORD-12073,2025-06-07,Security Shield v4,Software & Cloud,Chennai,2,254.47,508.94,Individual
ORD-12074,2025-11-03,Security Shield v4,Software & Cloud,Bengaluru,1,244.78,244.78,SMB
ORD-12075,2025-08-31,Snapdragon Laptop X1,Electronics,Hyderabad,2,1144.22,2288.44,SMB
ORD-12076,2025-06-17,Security Shield v4,Software & Cloud,Hyderabad,2,252.2,504.4,Government
ORD-12077,2025-10-23,USB-C Fast Charger 100W,Accessories,Bengaluru,5,56.83,284.15,SMB
ORD-12078,2025-11-09,Cloud Analytics Suite,Software & Cloud,Hyderabad,2,485.08,970.16,Enterprise
ORD-12079,2025-02-18,AI Implementation Consulting,Services,Delhi NCR,2,1491.05,2982.1,Individual
ORD-12080,2025-05-17,Wireless Ergonomic Mouse,Electronics,Mumbai,1,46.53,46.53,Government
ORD-12081,2025-07-06,Wireless Ergonomic Mouse,Electronics,Chennai,1,43.76,43.76,Enterprise
ORD-12082,2025-11-14,Annual Support Package,Services,Bengaluru,1,598.53,598.53,Government
ORD-12083,2025-06-10,Cloud Analytics Suite,Software & Cloud,Pune,8,483.65,3869.2,Enterprise
ORD-12084,2025-02-01,Security Shield v4,Software & Cloud,Hyderabad,1,258.03,258.03,Individual
ORD-12085,2025-01-06,Noise-Canceling Headset,Accessories,Bengaluru,1,138.69,138.69,Enterprise
ORD-12086,2025-11-26,AI Implementation Consulting,Services,Mumbai,1,1530.21,1530.21,Individual
ORD-12087,2025-10-12,Data Sync Plugin,Software & Cloud,Delhi NCR,3,119.15,357.45,Government
ORD-12088,2025-04-12,Data Pipeline Setup,Services,Mumbai,1,1019.33,1019.33,Government
ORD-12089,2025-03-05,UltraVision Monitor 27,Electronics,Bengaluru,2,339.66,679.32,SMB
ORD-12090,2025-07-12,Wireless Ergonomic Mouse,Electronics,Hyderabad,2,43.75,87.5,SMB
ORD-12091,2025-01-18,Noise-Canceling Headset,Accessories,Pune,2,159.2,318.4,Enterprise
ORD-12092,2025-01-29,Data Sync Plugin,Software & Cloud,Delhi NCR,1,113.31,113.31,SMB
ORD-12093,2025-09-25,Cloud Analytics Suite,Software & Cloud,Bengaluru,1,487.05,487.05,Government
ORD-12094,2025-07-31,Thunderbolt 4 Dock,Accessories,Pune,2,180.71,361.42,Enterprise
ORD-12095,2025-11-25,Annual Support Package,Services,Delhi NCR,1,595.06,595.06,SMB
ORD-12096,2025-03-01,USB-C Fast Charger 100W,Accessories,Chennai,1,51.06,51.06,Enterprise
ORD-12097,2025-12-24,Data Sync Plugin,Software & Cloud,Mumbai,1,128.64,128.64,SMB
ORD-12098,2025-03-12,Noise-Canceling Headset,Accessories,Chennai,1,138.46,138.46,Individual
ORD-12099,2025-05-29,AI Implementation Consulting,Services,Chennai,3,1512.01,4536.03,Individual
ORD-12100,2025-01-21,SnapInsight Pro Enterprise,Software & Cloud,Pune,1,736.92,736.92,Individual
ORD-12101,2025-12-26,Mechanical Keyboard Pro,Electronics,Pune,5,93.44,467.2,SMB
ORD-12102,2025-03-19,Mechanical Keyboard Pro,Electronics,Pune,1,95.17,95.17,Government
ORD-12103,2025-03-23,Security Shield v4,Software & Cloud,Bengaluru,1,245.71,245.71,Government
ORD-12104,2025-11-30,Laptop Stand Aluminum,Accessories,Pune,1,38.11,38.11,Individual
ORD-12105,2025-02-27,Wireless Ergonomic Mouse,Electronics,Chennai,4,42.84,171.36,SMB
ORD-12106,2025-10-19,USB-C Fast Charger 100W,Accessories,Bengaluru,5,54.68,273.4,Government
ORD-12107,2025-11-28,Security Shield v4,Software & Cloud,Delhi NCR,1,230.49,230.49,Government
ORD-12108,2025-04-03,USB-C Fast Charger 100W,Accessories,Chennai,2,56.94,113.88,Individual
ORD-12109,2025-08-23,Annual Support Package,Services,Hyderabad,3,605.84,1817.52,Individual
ORD-12110,2025-05-27,SnapInsight Pro Enterprise,Software & Cloud,Delhi NCR,2,815.27,1630.54,Enterprise
ORD-12111,2025-01-06,Thunderbolt 4 Dock,Accessories,Hyderabad,1,168.4,168.4,SMB
ORD-12112,2025-07-08,Cloud Analytics Suite,Software & Cloud,Chennai,10,466.09,4660.9,Government
ORD-12113,2025-08-02,UltraVision Monitor 27,Electronics,Delhi NCR,3,329.94,989.82,Government
ORD-12114,2025-08-22,SnapInsight Pro Enterprise,Software & Cloud,Chennai,5,848.68,4243.4,Enterprise
ORD-12115,2025-09-01,SnapInsight Pro Enterprise,Software & Cloud,Chennai,1,794.27,794.27,SMB
ORD-12116,2025-10-24,Noise-Canceling Headset,Accessories,Pune,1,139.52,139.52,Individual
ORD-12117,2025-12-21,Cloud Analytics Suite,Software & Cloud,Chennai,1,462.39,462.39,Individual
ORD-12118,2025-09-12,Data Pipeline Setup,Services,Delhi NCR,2,973.8,1947.6,Enterprise
ORD-12119,2025-05-24,Laptop Stand Aluminum,Accessories,Bengaluru,1,41.1,41.1,Enterprise
ORD-12120,2025-04-07,Data Sync Plugin,Software & Cloud,Chennai,4,127.17,508.68,Enterprise
ORD-12121,2025-08-11,AI Implementation Consulting,Services,Chennai,3,1448.76,4346.28,Enterprise
ORD-12122,2025-02-15,Laptop Stand Aluminum,Accessories,Pune,4,39.19,156.76,SMB
ORD-12123,2025-07-10,Security Shield v4,Software & Cloud,Bengaluru,3,236.96,710.88,Individual
ORD-12124,2025-07-25,Laptop Stand Aluminum,Accessories,Bengaluru,10,42.01,420.1,SMB
ORD-12125,2025-09-11,Data Pipeline Setup,Services,Delhi NCR,8,1008.49,8067.92,Government
ORD-12126,2025-06-20,Laptop Stand Aluminum,Accessories,Pune,2,42.49,84.98,SMB
ORD-12127,2025-06-25,Security Shield v4,Software & Cloud,Chennai,2,264.04,528.08,SMB
ORD-12128,2025-10-21,Cloud Analytics Suite,Software & Cloud,Hyderabad,4,525.88,2103.52,Enterprise
ORD-12129,2025-02-27,Mechanical Keyboard Pro,Electronics,Delhi NCR,1,101.6,101.6,Government
ORD-12130,2025-12-07,Cloud Analytics Suite,Software & Cloud,Bengaluru,3,469.35,1408.05,Individual
ORD-12131,2025-07-11,Annual Support Package,Services,Hyderabad,3,607.39,1822.17,SMB
ORD-12132,2025-07-28,Qualcomm AI DevKit,Electronics,Hyderabad,2,474.07,948.14,SMB
ORD-12133,2025-04-07,Mechanical Keyboard Pro,Electronics,Hyderabad,3,101.32,303.96,SMB
ORD-12134,2025-12-22,USB-C Fast Charger 100W,Accessories,Bengaluru,3,55.37,166.11,SMB
ORD-12135,2025-02-19,SnapInsight Pro Enterprise,Software & Cloud,Bengaluru,1,762.51,762.51,Enterprise
ORD-12136,2025-12-15,Snapdragon Laptop X1,Electronics,Delhi NCR,1,1285.42,1285.42,Individual
ORD-12137,2025-12-05,AI Implementation Consulting,Services,Bengaluru,3,1473.06,4419.18,Government
ORD-12138,2025-04-17,Laptop Stand Aluminum,Accessories,Hyderabad,2,41.15,82.3,Enterprise
ORD-12139,2025-01-17,Data Pipeline Setup,Services,Bengaluru,1,1004.9,1004.9,Individual
ORD-12140,2025-07-16,Wireless Ergonomic Mouse,Electronics,Pune,3,48.23,144.69,Government
ORD-12141,2025-12-17,AI Implementation Consulting,Services,Hyderabad,1,1493.97,1493.97,Enterprise
ORD-12142,2025-10-06,Snapdragon Laptop X1,Electronics,Chennai,1,1191.3,1191.3,Enterprise
ORD-12143,2025-06-22,Data Sync Plugin,Software & Cloud,Bengaluru,1,114.56,114.56,Individual
ORD-12144,2025-07-30,Snapdragon Laptop X1,Electronics,Pune,3,1283.62,3850.86,Enterprise
ORD-12145,2025-08-16,Mechanical Keyboard Pro,Electronics,Bengaluru,1,99.58,99.58,Individual
ORD-12146,2025-10-02,UltraVision Monitor 27,Electronics,Chennai,2,331.74,663.48,Individual
ORD-12147,2025-08-20,USB-C Fast Charger 100W,Accessories,Pune,1,54.36,54.36,Government
ORD-12148,2025-12-18,SnapInsight Pro Enterprise,Software & Cloud,Hyderabad,1,736.73,736.73,SMB
ORD-12149,2025-12-01,Data Sync Plugin,Software & Cloud,Mumbai,1,116.93,116.93,SMB
ORD-12150,2025-12-16,AI Implementation Consulting,Services,Chennai,3,1404.37,4213.11,Enterprise
ORD-12151,2025-03-13,SnapInsight Pro Enterprise,Software & Cloud,Bengaluru,2,738.63,1477.26,Individual
ORD-12152,2025-09-26,Thunderbolt 4 Dock,Accessories,Delhi NCR,2,178.17,356.34,Government
ORD-12153,2025-12-26,AI Implementation Consulting,Services,Bengaluru,1,1493.91,1493.91,Government
ORD-12154,2025-09-17,Cloud Analytics Suite,Software & Cloud,Mumbai,1,505.63,505.63,Enterprise
ORD-12155,2025-12-07,Data Sync Plugin,Software & Cloud,Pune,3,121.1,363.3,Government
ORD-12156,2025-09-02,Qualcomm AI DevKit,Electronics,Delhi NCR,2,430.72,861.44,Enterprise
ORD-12157,2025-03-17,USB-C Fast Charger 100W,Accessories,Hyderabad,3,53.87,161.61,Enterprise
ORD-12158,2025-09-19,Snapdragon Laptop X1,Electronics,Bengaluru,2,1162.24,2324.48,Enterprise
ORD-12159,2025-03-12,USB-C Fast Charger 100W,Accessories,Mumbai,4,56.44,225.76,SMB
ORD-12160,2025-09-02,AI Implementation Consulting,Services,Hyderabad,1,1415.07,1415.07,Enterprise
ORD-12161,2025-03-07,SnapInsight Pro Enterprise,Software & Cloud,Delhi NCR,2,767.62,1535.24,SMB
ORD-12162,2025-07-31,USB-C Fast Charger 100W,Accessories,Hyderabad,4,57.22,228.88,Enterprise
ORD-12163,2025-01-22,Laptop Stand Aluminum,Accessories,Chennai,1,39.3,39.3,Government
ORD-12164,2025-11-07,Cloud Analytics Suite,Software & Cloud,Pune,2,511.68,1023.36,Individual
ORD-12165,2025-11-22,Cloud Analytics Suite,Software & Cloud,Bengaluru,2,521.85,1043.7,Individual
ORD-12166,2025-08-10,Wireless Ergonomic Mouse,Electronics,Delhi NCR,1,46.97,46.97,SMB
ORD-12167,2025-01-21,Noise-Canceling Headset,Accessories,Hyderabad,1,145.28,145.28,Government
ORD-12168,2025-10-02,Noise-Canceling Headset,Accessories,Hyderabad,4,147.27,589.08,Individual
ORD-12169,2025-12-19,Data Sync Plugin,Software & Cloud,Chennai,1,129.12,129.12,Individual
ORD-12170,2025-09-30,UltraVision Monitor 27,Electronics,Bengaluru,2,355.29,710.58,Government
ORD-12171,2025-04-27,Noise-Canceling Headset,Accessories,Pune,5,146.36,731.8,SMB
ORD-12172,2025-06-06,Security Shield v4,Software & Cloud,Hyderabad,2,240.56,481.12,Government
ORD-12173,2025-08-06,Cloud Analytics Suite,Software & Cloud,Chennai,4,475.2,1900.8,Government
ORD-12174,2025-12-18,Noise-Canceling Headset,Accessories,Hyderabad,1,140.81,140.81,SMB
ORD-12175,2025-05-30,Cloud Analytics Suite,Software & Cloud,Chennai,2,474.65,949.3,Government
ORD-12176,2025-11-28,Data Pipeline Setup,Services,Hyderabad,1,1015.74,1015.74,Government
ORD-12177,2025-08-24,USB-C Fast Charger 100W,Accessories,Delhi NCR,1,51.69,51.69,Government
ORD-12178,2025-07-12,AI Implementation Consulting,Services,Bengaluru,1,1489.14,1489.14,Individual
ORD-12179,2025-10-09,Laptop Stand Aluminum,Accessories,Delhi NCR,1,40.82,40.82,
ORD-12180,2025-09-08,Wireless Ergonomic Mouse,Electronics,Bengaluru,2,42.41,84.82,Enterprise
ORD-12181,2025-03-04,Thunderbolt 4 Dock,Accessories,Delhi NCR,1,168.69,168.69,Government
ORD-12182,2025-10-02,USB-C Fast Charger 100W,Accessories,Chennai,3,52.4,157.2,Individual
ORD-12183,2025-12-05,Snapdragon Laptop X1,Electronics,Pune,1,1158.56,1158.56,Government
ORD-12184,2025-05-04,Cloud Analytics Suite,Software & Cloud,Pune,2,534.23,1068.46,Government
ORD-12185,2025-07-01,Cloud Analytics Suite,Software & Cloud,Pune,1,520.99,520.99,Government
ORD-12186,2025-03-29,AI Implementation Consulting,Services,Delhi NCR,2,1401.88,2803.76,SMB
ORD-12187,2025-11-11,Laptop Stand Aluminum,Accessories,Mumbai,1,38.21,38.21,Individual
ORD-12188,2025-08-24,Cloud Analytics Suite,Software & Cloud,Bengaluru,5,460.25,2301.25,Enterprise
ORD-12189,2025-12-10,Laptop Stand Aluminum,Accessories,Pune,2,39.66,79.32,Individual
ORD-12190,2025-04-29,Snapdragon Laptop X1,Electronics,Hyderabad,2,1132.87,2265.74,Individual
ORD-12191,2025-07-16,AI Implementation Consulting,Services,Bengaluru,2,1591.63,3183.26,SMB
ORD-12192,2025-09-09,Annual Support Package,Services,Delhi NCR,1,600.73,600.73,Individual
ORD-12193,2025-07-18,Annual Support Package,Services,Mumbai,1,609.69,609.69,Enterprise
ORD-12194,2025-12-24,AI Implementation Consulting,Services,Mumbai,3,1455.41,4366.23,SMB
ORD-12195,2025-07-27,USB-C Fast Charger 100W,Accessories,Mumbai,3,55.88,167.64,Individual
ORD-12196,2025-08-29,Mechanical Keyboard Pro,Electronics,Chennai,1,94.27,94.27,Enterprise
ORD-12197,2025-01-12,Annual Support Package,Services,Hyderabad,1,599.13,599.13,Enterprise
ORD-12198,2025-08-17,AI Implementation Consulting,Services,Bengaluru,2,1444.59,2889.18,SMB
ORD-12199,2025-05-14,AI Implementation Consulting,Services,Pune,1,1583.02,1583.02,SMB
ORD-12200,2025-07-15,Thunderbolt 4 Dock,Accessories,Delhi NCR,3,168.26,504.78,SMB
ORD-12201,2025-12-23,UltraVision Monitor 27,Electronics,Bengaluru,1,330.35,330.35,Individual
ORD-12202,2025-03-14,Data Pipeline Setup,Services,Mumbai,4,936.24,3744.96,SMB
ORD-12203,2025-03-27,Qualcomm AI DevKit,Electronics,Pune,4,455.23,1820.92,Enterprise
ORD-12204,2025-04-01,Laptop Stand Aluminum,Accessories,Mumbai,8,36.91,295.28,SMB
ORD-12205,2025-04-11,Snapdragon Laptop X1,Electronics,Bengaluru,3,1206.52,3619.56,SMB
ORD-12206,2025-08-25,USB-C Fast Charger 100W,Accessories,Mumbai,1,57.52,57.52,SMB
ORD-12207,2025-06-16,Security Shield v4,Software & Cloud,Delhi NCR,2,245.75,491.5,Enterprise
ORD-12208,2025-03-27,Wireless Ergonomic Mouse,Electronics,Mumbai,1,47.6,47.6,SMB
ORD-12209,2025-07-08,Laptop Stand Aluminum,Accessories,Mumbai,1,41.37,41.37,Enterprise
ORD-12210,2025-03-24,Snapdragon Laptop X1,Electronics,Mumbai,10,1159.14,11591.4,Enterprise
ORD-12211,2025-09-28,Annual Support Package,Services,Pune,3,637.32,1911.96,Individual
ORD-12212,2025-08-27,Laptop Stand Aluminum,Accessories,Pune,3,37.87,113.61,Individual
ORD-12213,2025-09-13,SnapInsight Pro Enterprise,Software & Cloud,Pune,1,843.77,843.77,Government
ORD-12214,2025-03-01,Data Pipeline Setup,Services,Bengaluru,1,921.81,921.81,Enterprise
ORD-12215,2025-04-12,Qualcomm AI DevKit,Electronics,Chennai,2,446.4,892.8,SMB
ORD-12216,2025-10-30,Security Shield v4,Software & Cloud,Mumbai,1,266.02,266.02,Enterprise
ORD-12217,2025-08-13,Laptop Stand Aluminum,Accessories,Chennai,1,39.18,39.18,Individual
ORD-12218,2025-04-15,AI Implementation Consulting,Services,Delhi NCR,2,1607.45,3214.9,SMB
ORD-12219,2025-11-24,UltraVision Monitor 27,Electronics,Bengaluru,1,372.93,372.93,Individual
ORD-12220,2025-12-01,AI Implementation Consulting,Services,Bengaluru,2,1389.73,40912.089600049956,Individual
ORD-12221,2025-09-03,UltraVision Monitor 27,Electronics,Bengaluru,1,322.62,322.62,SMB
ORD-12222,2025-02-21,Security Shield v4,Software & Cloud,Pune,1,255.23,255.23,SMB
ORD-12223,2025-07-10,Wireless Ergonomic Mouse,Electronics,Pune,2,43.9,87.8,Individual
ORD-12224,2025-06-17,Noise-Canceling Headset,Accessories,Pune,1,159.2,159.2,Enterprise
ORD-12225,2025-09-07,Annual Support Package,Services,Pune,1,647.87,647.87,Enterprise
ORD-12226,2025-03-20,Data Pipeline Setup,Services,Hyderabad,3,895.88,2687.64,Government
ORD-12227,2025-04-11,Mechanical Keyboard Pro,Electronics,Hyderabad,1,88.04,88.04,SMB
ORD-12228,2025-06-05,Qualcomm AI DevKit,Electronics,Pune,1,444.07,444.07,SMB
ORD-12229,2025-03-19,Annual Support Package,Services,Mumbai,2,647.14,1294.28,Enterprise
ORD-12230,2025-03-25,UltraVision Monitor 27,Electronics,Delhi NCR,3,348.23,1044.69,SMB
ORD-12231,2025-03-26,AI Implementation Consulting,Services,Hyderabad,1,,1528.03,Government
ORD-12232,2025-07-10,Data Pipeline Setup,Services,Pune,2,969.99,1939.98,Government
ORD-12233,2025-06-17,Security Shield v4,Software & Cloud,Mumbai,4,262.6,1050.4,SMB
ORD-12234,2025-08-11,Data Pipeline Setup,Services,Pune,1,949.83,949.83,Government
ORD-12235,2025-07-27,Mechanical Keyboard Pro,Electronics,Bengaluru,1,99.93,99.93,Enterprise
ORD-12236,2025-10-12,Cloud Analytics Suite,Software & Cloud,Mumbai,5,532.41,2662.05,Individual
ORD-12237,2025-02-20,Laptop Stand Aluminum,Accessories,Hyderabad,3,38.71,116.13,Government
ORD-12238,2025-05-05,Data Sync Plugin,Software & Cloud,Chennai,8,125.28,1002.24,Enterprise
ORD-12239,2025-01-30,Data Pipeline Setup,Services,Mumbai,4,945.92,3783.68,Individual
ORD-12240,2025-01-16,Noise-Canceling Headset,Accessories,Mumbai,1,159.1,159.1,Individual
ORD-12241,2025-09-09,Annual Support Package,Services,Hyderabad,1,579.5,579.5,SMB
ORD-12242,2025-11-09,Security Shield v4,Software & Cloud,Bengaluru,1,264.13,264.13,Individual
ORD-12243,2025-02-21,Snapdragon Laptop X1,Electronics,Delhi NCR,3,1207.75,3623.25,SMB
ORD-12244,2025-09-10,Qualcomm AI DevKit,Electronics,Delhi NCR,15,426.79,6401.85,Individual
ORD-12245,2025-03-10,Noise-Canceling Headset,Accessories,Chennai,3,153.99,461.97,Government
ORD-12246,2025-02-14,Qualcomm AI DevKit,Electronics,Bengaluru,5,416.8,30675.309134329727,Enterprise
ORD-12247,2025-10-26,Snapdragon Laptop X1,Electronics,Mumbai,2,1276.23,2552.46,SMB
ORD-12248,2025-09-09,UltraVision Monitor 27,Electronics,Pune,2,368.58,737.16,Enterprise
ORD-12249,2025-05-26,SnapInsight Pro Enterprise,Software & Cloud,Bengaluru,2,818.36,1636.72,SMB
ORD-12250,2025-12-25,Wireless Ergonomic Mouse,Electronics,Chennai,2,41.63,83.26,Government
ORD-12251,2025-06-23,Data Sync Plugin,Software & Cloud,Bengaluru,4,116.04,464.16,Government
ORD-12252,2025-07-25,AI Implementation Consulting,Services,Bengaluru,3,1430.53,4291.59,Government
ORD-12253,2025-08-25,Cloud Analytics Suite,Software & Cloud,Delhi NCR,1,471.81,471.81,Enterprise
ORD-12254,2025-08-18,Cloud Analytics Suite,Software & Cloud,Bengaluru,3,515.02,1545.06,Government
ORD-12255,2025-10-24,Data Sync Plugin,Software & Cloud,Delhi NCR,2,128.4,256.8,Government
ORD-12256,2025-04-18,Annual Support Package,Services,Mumbai,1,570.38,570.38,Individual
ORD-12257,2025-02-03,Snapdragon Laptop X1,Electronics,Bengaluru,4,1139.82,4559.28,Individual
ORD-12258,2025-09-12,Annual Support Package,Services,Chennai,8,595.16,4761.28,Government
ORD-12259,2025-06-17,Annual Support Package,Services,Pune,1,552.71,552.71,SMB
ORD-12260,2025-03-26,Laptop Stand Aluminum,Accessories,Bengaluru,1,37.07,37.07,SMB
ORD-12261,2025-03-13,Data Sync Plugin,Software & Cloud,Mumbai,8,118.42,947.36,SMB
ORD-12262,2025-01-05,Noise-Canceling Headset,Accessories,Bengaluru,4,138.07,552.28,Government
ORD-12263,2025-09-05,Cloud Analytics Suite,Software & Cloud,Chennai,1,502.47,502.47,Government
ORD-12264,2025-09-28,Data Sync Plugin,Software & Cloud,Chennai,3,119.14,357.42,Enterprise
ORD-12265,2025-10-30,Laptop Stand Aluminum,Accessories,Bengaluru,1,39.41,39.41,Enterprise
ORD-12266,2025-11-18,Wireless Ergonomic Mouse,Electronics,Hyderabad,4,47.98,191.92,Individual
ORD-12267,2025-11-08,Security Shield v4,Software & Cloud,Mumbai,4,240.59,962.36,Individual
ORD-12268,2025-11-30,Qualcomm AI DevKit,Electronics,Pune,3,442.43,1327.29,Government
ORD-12269,2025-01-03,SnapInsight Pro Enterprise,Software & Cloud,Hyderabad,1,786.81,786.81,SMB
ORD-12270,2025-08-09,Snapdragon Laptop X1,Electronics,Bengaluru,4,1107.14,4428.56,Individual
ORD-12271,2025-11-24,Thunderbolt 4 Dock,Accessories,Pune,2,180.98,361.96,SMB
ORD-12272,2025-10-10,Thunderbolt 4 Dock,Accessories,Hyderabad,4,170.7,682.8,Government
ORD-12273,2025-12-02,SnapInsight Pro Enterprise,Software & Cloud,Delhi NCR,3,818.8,2456.4,Government
ORD-12274,2025-09-03,Snapdragon Laptop X1,Electronics,Chennai,1,1136.45,1136.45,Government
ORD-12275,2025-05-30,Laptop Stand Aluminum,Accessories,Hyderabad,1,41.47,41.47,SMB
ORD-12276,2025-07-05,UltraVision Monitor 27,Electronics,Pune,1,326.27,326.27,Enterprise
ORD-12277,2025-03-21,Snapdragon Laptop X1,Electronics,Delhi NCR,8,1289.31,10314.48,Government
ORD-12278,2025-02-28,Data Pipeline Setup,Services,Pune,1,951.64,951.64,Individual
ORD-12279,2025-09-04,Thunderbolt 4 Dock,Accessories,Delhi NCR,1,170.68,170.68,Government
ORD-12280,2025-04-07,Thunderbolt 4 Dock,Accessories,Pune,5,194.17,970.85,Enterprise
ORD-12281,2025-03-25,Security Shield v4,Software & Cloud,Chennai,1,249.15,249.15,SMB
ORD-12282,2025-11-20,Thunderbolt 4 Dock,Accessories,Hyderabad,1,168.58,168.58,Individual
ORD-12283,2025-09-20,AI Implementation Consulting,Services,Pune,1,1565.63,1565.63,Individual
ORD-12284,2025-12-24,Qualcomm AI DevKit,Electronics,Hyderabad,4,441.88,1767.52,Individual
ORD-12285,2025-11-25,USB-C Fast Charger 100W,Accessories,Delhi NCR,5,52.26,261.3,Individual
ORD-12286,2025-10-20,Thunderbolt 4 Dock,Accessories,Bengaluru,10,177.57,1775.7,Government
ORD-12287,2025-01-04,Laptop Stand Aluminum,Accessories,Delhi NCR,1,40.59,40.59,Enterprise
ORD-12288,2025-08-31,Annual Support Package,Services,Chennai,15,563.5,8452.5,Government
ORD-12289,2025-01-17,USB-C Fast Charger 100W,Accessories,Hyderabad,1,50.94,50.94,Government
ORD-12290,2025-02-24,UltraVision Monitor 27,Electronics,Mumbai,3,367.68,1103.04,Government
ORD-12291,2025-03-20,Noise-Canceling Headset,Accessories,Delhi NCR,4,139.8,559.2,Government
ORD-12292,2025-06-07,Laptop Stand Aluminum,Accessories,Bengaluru,1,37.98,37.98,Government
ORD-12293,2025-02-17,SnapInsight Pro Enterprise,Software & Cloud,Delhi NCR,1,834.3,834.3,Government
ORD-12294,2025-06-12,Qualcomm AI DevKit,Electronics,Pune,2,430.67,861.34,Enterprise
ORD-12295,2025-05-22,Thunderbolt 4 Dock,Accessories,Pune,4,191.7,766.8,Government
ORD-12296,2025-12-03,Thunderbolt 4 Dock,Accessories,Delhi NCR,5,192.06,960.3,Government
ORD-12297,2025-08-04,UltraVision Monitor 27,Electronics,  Mumbai  ,1,325.85,325.85,SMB
ORD-12298,2025-10-29,Snapdragon Laptop X1,Electronics,Delhi NCR,5,1259.42,6297.1,Individual
ORD-12299,2025-07-27,UltraVision Monitor 27,Electronics,Pune,1,326.59,326.59,SMB
ORD-12300,2025-03-28,SnapInsight Pro Enterprise,Software & Cloud,Delhi NCR,2,763.96,1527.92,Individual
ORD-12301,2025-03-06,Cloud Analytics Suite,Software & Cloud,Delhi NCR,10,506.14,5061.4,Government
ORD-12302,2025-04-07,Annual Support Package,Services,Hyderabad,1,610.87,610.87,SMB
ORD-12303,2025-07-18,Security Shield v4,Software & Cloud,Hyderabad,1,266.43,266.43,Individual
ORD-12304,2025-05-28,USB-C Fast Charger 100W,Accessories,Delhi NCR,2,52.84,105.68,Individual
ORD-12305,2025-11-06,AI Implementation Consulting,Services,Hyderabad,10,1559.23,15592.3,SMB
ORD-12306,2025-12-20,Cloud Analytics Suite,Software & Cloud,Pune,4,537.37,2149.48,Enterprise
ORD-12307,2025-05-08,SnapInsight Pro Enterprise,Software & Cloud,Mumbai,1,829.6,829.6,Enterprise
ORD-12308,2025-12-17,AI Implementation Consulting,Services,Bengaluru,8,1517.9,12143.2,Enterprise
ORD-12309,2025-11-30,SnapInsight Pro Enterprise,Software & Cloud,Delhi NCR,4,749.69,2998.76,Individual
ORD-12310,2025-04-16,AI Implementation Consulting,Services,Chennai,1,1588.51,1588.51,Enterprise
ORD-12311,2025-06-16,Data Pipeline Setup,Services,Chennai,3,941.4,2824.2,Government
ORD-12312,2025-04-14,Cloud Analytics Suite,Software & Cloud,Mumbai,1,499.19,499.19,SMB
ORD-12313,2025-05-21,AI Implementation Consulting,Services,Hyderabad,1,1418.07,1418.07,Individual
ORD-12314,2025-01-31,Annual Support Package,Services,Hyderabad,1,636.61,636.61,Enterprise
ORD-12315,2025-03-14,Noise-Canceling Headset,Accessories,Delhi NCR,1,156.86,156.86,Individual
ORD-12316,2025-09-29,Mechanical Keyboard Pro,Electronics,Bengaluru,2,94.23,188.46,SMB
ORD-12317,2025-12-19,Laptop Stand Aluminum,Accessories,Bengaluru,8,39.87,318.96,SMB
ORD-12318,2025-08-13,SnapInsight Pro Enterprise,Software & Cloud,Chennai,3,785.23,2355.69,Individual
ORD-12319,2025-10-10,SnapInsight Pro Enterprise,Software & Cloud,Bengaluru,1,824.31,824.31,
ORD-12320,2025-05-20,Laptop Stand Aluminum,Accessories,Pune,1,38.34,38.34,Enterprise
ORD-12321,2025-05-25,USB-C Fast Charger 100W,Accessories,Chennai,3,56.12,168.36,SMB
ORD-12322,2025-09-28,Qualcomm AI DevKit,Electronics,Bengaluru,8,454.89,3639.12,Individual
ORD-12323,2025-01-01,AI Implementation Consulting,Services,Chennai,1,1553.01,1553.01,Government
ORD-12324,2025-08-06,Noise-Canceling Headset,Accessories,Chennai,2,154.08,308.16,Individual
ORD-12325,2025-11-05,Thunderbolt 4 Dock,Accessories,Pune,1,191.24,191.24,SMB
ORD-12326,2025-06-16,UltraVision Monitor 27,Electronics,Mumbai,1,349.62,349.62,Government
ORD-12327,2025-08-09,Snapdragon Laptop X1,Electronics,Mumbai,1,1182.86,1182.86,SMB
ORD-12328,2025-01-23,Data Sync Plugin,Software & Cloud,Chennai,2,112.37,224.74,Enterprise
ORD-12329,2025-10-08,Annual Support Package,Services,Chennai,1,572.97,572.97,SMB
ORD-12330,2025-02-19,UltraVision Monitor 27,Electronics,Pune,1,328.74,328.74,Individual
ORD-12331,2025-05-24,AI Implementation Consulting,Services,Mumbai,1,1402.44,1402.44,Enterprise
ORD-12332,2025-05-09,SnapInsight Pro Enterprise,Software & Cloud,Bengaluru,2,820.13,1640.26,SMB
ORD-12333,2025-12-23,Wireless Ergonomic Mouse,Electronics,Mumbai,4,47.79,191.16,Individual
ORD-12334,2025-02-21,Mechanical Keyboard Pro,Electronics,Pune,2,87.4,174.8,Government
ORD-12335,2025-12-23,Noise-Canceling Headset,Accessories,Pune,3,138.65,415.95,SMB
ORD-12336,2025-02-19,UltraVision Monitor 27,Electronics,Mumbai,1,363.3,363.3,SMB
ORD-12337,2025-04-02,Cloud Analytics Suite,Software & Cloud,Bengaluru,1,464.9,464.9,Individual
ORD-12338,2025-08-19,Cloud Analytics Suite,Software & Cloud,Chennai,1,489.33,489.33,SMB
ORD-12339,2025-06-03,AI Implementation Consulting,Services,Mumbai,3,1470.74,4412.22,Individual
ORD-12340,2025-03-29,Thunderbolt 4 Dock,Accessories,Chennai,2,168.73,337.46,Individual
ORD-12341,2025-03-22,SnapInsight Pro Enterprise,Software & Cloud,Delhi NCR,1,765.34,765.34,Individual
ORD-12342,2025-03-27,Noise-Canceling Headset,Accessories,Mumbai,5,160.89,804.45,SMB
ORD-12343,2025-08-06,Data Sync Plugin,Software & Cloud,Bengaluru,1,128.18,128.18,SMB
ORD-12344,2025-01-11,Data Sync Plugin,Software & Cloud,Pune,1,128.2,128.2,Individual
ORD-12345,2025-10-25,Qualcomm AI DevKit,Electronics,Mumbai,5,454.32,2271.6,Enterprise
ORD-12346,2025-07-22,SnapInsight Pro Enterprise,Software & Cloud,Pune,2,838.26,1676.52,SMB
ORD-12347,2025-05-04,Mechanical Keyboard Pro,Electronics,Pune,4,91.07,364.28,Enterprise
ORD-12348,2025-10-10,UltraVision Monitor 27,Electronics,Delhi NCR,2,336.62,673.24,Government
ORD-12349,2025-10-09,Cloud Analytics Suite,Software & Cloud,Hyderabad,1,471.18,471.18,SMB
ORD-12350,2025-04-23,Mechanical Keyboard Pro,Electronics,Hyderabad,1,93.82,93.82,Enterprise
ORD-12351,2025-11-21,UltraVision Monitor 27,Electronics,Chennai,2,377.59,755.18,Government
ORD-12352,2025-06-22,Snapdragon Laptop X1,Electronics,Delhi NCR,3,1269.67,3809.01,Enterprise
ORD-12353,2025-01-16,UltraVision Monitor 27,Electronics,Chennai,1,326.63,326.63,Enterprise
ORD-12354,2025-04-08,AI Implementation Consulting,Services,Pune,2,1393.74,2787.48,Government
ORD-12355,2025-11-19,Qualcomm AI DevKit,Electronics,Bengaluru,10,462.4,4624.0,Individual
ORD-12356,2025-09-16,Noise-Canceling Headset,Accessories,Delhi NCR,1,152.41,152.41,SMB
ORD-12357,2025-10-23,Data Pipeline Setup,Services,Delhi NCR,2,900.71,1801.42,SMB
ORD-12358,2025-05-28,UltraVision Monitor 27,Electronics,Delhi NCR,1,348.17,348.17,Individual
ORD-12359,2025-01-23,Snapdragon Laptop X1,Electronics,Mumbai,3,1170.31,3510.93,Individual
ORD-12360,2025-06-24,UltraVision Monitor 27,Electronics,Bengaluru,3,344.69,1034.07,SMB
ORD-12361,2025-10-16,Qualcomm AI DevKit,Electronics,Bengaluru,2,485.33,970.66,SMB
ORD-12362,2025-07-09,UltraVision Monitor 27,Electronics,Mumbai,1,362.86,362.86,Individual
ORD-12363,2025-10-10,Wireless Ergonomic Mouse,Electronics,Mumbai,1,44.35,44.35,SMB
ORD-12364,2025-11-11,Annual Support Package,Services,Delhi NCR,1,564.07,564.07,SMB
ORD-12365,2025-02-01,Thunderbolt 4 Dock,Accessories,Hyderabad,5,189.65,948.25,Government
ORD-12366,2025-03-05,UltraVision Monitor 27,Electronics,Bengaluru,2,352.66,705.32,SMB
ORD-12367,2025-08-31,AI Implementation Consulting,Services,Hyderabad,2,1506.8,3013.6,SMB
ORD-12368,2025-02-02,Data Pipeline Setup,Services,Chennai,1,895.51,895.51,Enterprise
ORD-12369,2025-07-24,USB-C Fast Charger 100W,Accessories,Chennai,2,54.19,108.38,Government
ORD-12370,2025-03-23,Qualcomm AI DevKit,Electronics,Chennai,4,440.51,1762.04,SMB
ORD-12371,2025-09-28,AI Implementation Consulting,Services,Bengaluru,1,1490.87,1490.87,Enterprise
ORD-12372,2025-01-21,Data Pipeline Setup,Services,Chennai,8,897.81,7182.48,Individual
ORD-12373,2025-07-11,Thunderbolt 4 Dock,Accessories,Mumbai,1,175.39,175.39,Government
ORD-12374,2025-12-16,Security Shield v4,Software & Cloud,Chennai,1,256.75,256.75,Enterprise
ORD-12375,2025-08-29,Data Pipeline Setup,Services,Bengaluru,2,951.97,1903.94,Government
ORD-12376,2025-09-29,Qualcomm AI DevKit,Electronics,Bengaluru,3,454.04,1362.12,SMB
ORD-12377,2025-09-14,Security Shield v4,Software & Cloud,Mumbai,1,254.4,254.4,Individual
ORD-12378,2025-12-23,UltraVision Monitor 27,Electronics,Chennai,1,377.62,377.62,Enterprise
ORD-12379,2025-05-30,Cloud Analytics Suite,Software & Cloud,Mumbai,5,475.55,2377.75,Government
ORD-12380,2025-09-27,Noise-Canceling Headset,Accessories,Delhi NCR,5,155.48,777.4,Individual
ORD-12381,2025-03-14,Snapdragon Laptop X1,Electronics,Pune,1,1205.03,1205.03,Individual
ORD-12382,2025-03-05,Mechanical Keyboard Pro,Electronics,Mumbai,10,96.99,969.9,Enterprise
ORD-12383,2025-04-12,AI Implementation Consulting,Services,Chennai,1,1619.87,1619.87,Government
ORD-12384,2025-01-21,AI Implementation Consulting,Services,Delhi NCR,3,1562.02,4686.06,Individual
ORD-12385,2025-06-17,AI Implementation Consulting,Services,Pune,2,1566.94,3133.88,Individual
ORD-12386,2025-09-26,Snapdragon Laptop X1,Electronics,Mumbai,5,1295.47,6477.35,Enterprise
ORD-12387,2025-01-16,UltraVision Monitor 27,Electronics,Delhi NCR,3,368.91,1106.73,SMB
ORD-12388,2025-09-26,Qualcomm AI DevKit,Electronics,Bengaluru,3,459.85,1379.55,Individual
ORD-12389,2025-09-12,Noise-Canceling Headset,Accessories,Pune,4,161.05,644.2,Enterprise
ORD-12390,2025-08-01,Mechanical Keyboard Pro,Electronics,Hyderabad,3,96.67,290.01,Government
ORD-12391,2025-06-27,SnapInsight Pro Enterprise,Software & Cloud,Pune,1,839.49,839.49,Enterprise
ORD-12392,2025-09-27,Thunderbolt 4 Dock,Accessories,Mumbai,2,177.03,354.06,SMB
ORD-12393,2025-09-02,Thunderbolt 4 Dock,Accessories,Hyderabad,2,170.51,341.02,SMB
ORD-12394,2025-03-22,Cloud Analytics Suite,Software & Cloud,Hyderabad,1,486.82,486.82,Government
ORD-12395,2025-08-03,Snapdragon Laptop X1,Electronics,Delhi NCR,1,1128.97,1128.97,Government
ORD-12396,2025-10-02,Annual Support Package,Services,Bengaluru,1,626.69,626.69,Enterprise
ORD-12397,2025-06-22,Data Sync Plugin,Software & Cloud,Hyderabad,5,128.95,644.75,Individual
ORD-12398,2025-01-24,Snapdragon Laptop X1,Electronics,Hyderabad,3,1284.26,3852.78,Enterprise
ORD-12399,2025-04-09,Mechanical Keyboard Pro,Electronics,Bengaluru,5,93.45,467.25,Individual
ORD-12400,2025-11-08,Snapdragon Laptop X1,Electronics,Chennai,1,1117.95,1117.95,Individual
ORD-12401,2025-04-19,Qualcomm AI DevKit,Electronics,Bengaluru,3,439.62,1318.86,Government
ORD-12402,2025-08-09,Data Sync Plugin,Software & Cloud,Hyderabad,2,118.55,237.1,Individual
ORD-12403,2025-10-15,Cloud Analytics Suite,Software & Cloud,Bengaluru,10,519.97,5199.7,Government
ORD-12404,2025-01-21,Qualcomm AI DevKit,Electronics,Pune,1,471.15,471.15,Enterprise
ORD-12405,2025-08-18,Security Shield v4,Software & Cloud,Hyderabad,1,246.3,246.3,SMB
ORD-12406,2025-04-19,Security Shield v4,Software & Cloud,  Mumbai  ,2,234.1,468.2,Enterprise
ORD-12407,2025-07-09,Annual Support Package,Services,Pune,3,600.71,1802.13,Enterprise
ORD-12408,2025-10-17,UltraVision Monitor 27,Electronics,Mumbai,1,362.02,362.02,Enterprise
ORD-12409,2025-08-20,USB-C Fast Charger 100W,Accessories,Pune,2,57.35,114.7,Individual
ORD-12410,2025-10-21,Annual Support Package,Services,Pune,1,560.61,560.61,Individual
ORD-12411,2025-09-25,USB-C Fast Charger 100W,Accessories,Bengaluru,2,56.2,112.4,Individual
ORD-12412,2025-10-19,Cloud Analytics Suite,Software & Cloud,Delhi NCR,1,461.7,461.7,Government
ORD-12413,2025-09-14,USB-C Fast Charger 100W,Accessories,Mumbai,8,52.23,417.84,Enterprise
ORD-12414,2025-04-25,USB-C Fast Charger 100W,Accessories,Hyderabad,3,55.56,166.68,Individual
ORD-12415,2025-01-29,Annual Support Package,Services,Pune,3,566.88,1700.64,Individual
ORD-12416,2025-11-24,Wireless Ergonomic Mouse,Electronics,Delhi NCR,3,42.65,127.95,Individual
ORD-12417,2025-04-21,USB-C Fast Charger 100W,Accessories,Mumbai,2,56.5,113.0,Government
ORD-12418,2025-11-05,USB-C Fast Charger 100W,Accessories,Pune,5,56.38,281.9,SMB
ORD-12419,2025-10-15,UltraVision Monitor 27,Electronics,Bengaluru,4,371.69,1486.76,Individual
ORD-12420,2025-03-02,Data Sync Plugin,Software & Cloud,Pune,1,118.2,118.2,SMB
ORD-12421,2025-07-03,Data Sync Plugin,Software & Cloud,Delhi NCR,3,121.4,364.2,Individual
ORD-12422,2025-06-26,Annual Support Package,Services,Mumbai,1,605.93,605.93,Enterprise
ORD-12423,2025-08-07,Qualcomm AI DevKit,Electronics,Pune,3,455.15,1365.45,Government
ORD-12424,2025-03-03,USB-C Fast Charger 100W,Accessories,Hyderabad,3,52.72,158.16,SMB
ORD-12425,2025-06-09,Thunderbolt 4 Dock,Accessories,Mumbai,4,187.27,749.08,Individual
ORD-12426,2025-01-01,Mechanical Keyboard Pro,Electronics,Hyderabad,2,88.35,176.7,Individual
ORD-12427,2025-01-29,Wireless Ergonomic Mouse,Electronics,Delhi NCR,2,46.21,92.42,Enterprise
ORD-12428,2025-11-10,Thunderbolt 4 Dock,Accessories,Delhi NCR,1,180.8,180.8,Individual
ORD-12429,2025-11-10,Thunderbolt 4 Dock,Accessories,Pune,1,190.31,190.31,Enterprise
ORD-12430,2025-06-14,Wireless Ergonomic Mouse,Electronics,Mumbai,2,47.68,95.36,SMB
ORD-12431,2025-08-15,Annual Support Package,Services,Chennai,1,573.17,573.17,Government
ORD-12432,2025-05-24,Thunderbolt 4 Dock,Accessories,Hyderabad,5,182.85,914.25,Individual
ORD-12433,2025-07-20,SnapInsight Pro Enterprise,Software & Cloud,Hyderabad,3,828.93,2486.79,SMB
ORD-12434,2025-07-30,Cloud Analytics Suite,Software & Cloud,Pune,1,519.67,519.67,Enterprise
ORD-12435,2025-09-09,Data Pipeline Setup,Services,Mumbai,5,990.91,4954.55,Enterprise
ORD-12436,2025-05-15,Wireless Ergonomic Mouse,Electronics,Chennai,5,41.88,209.4,Government
ORD-12437,2025-04-10,Cloud Analytics Suite,Software & Cloud,Delhi NCR,2,536.34,1072.68,SMB
ORD-12438,2025-06-10,USB-C Fast Charger 100W,Accessories,Hyderabad,1,54.71,54.71,Enterprise
ORD-12439,2025-02-10,AI Implementation Consulting,Services,Mumbai,1,1398.86,1398.86,Enterprise
ORD-12440,2025-03-25,Wireless Ergonomic Mouse,Electronics,Hyderabad,1,47.34,47.34,SMB
ORD-12441,2025-12-09,USB-C Fast Charger 100W,Accessories,Pune,2,53.91,107.82,Government
ORD-12442,2025-04-08,Data Sync Plugin,Software & Cloud,Chennai,1,116.3,116.3,Government
ORD-12443,2025-10-31,Qualcomm AI DevKit,Electronics,Bengaluru,4,424.14,1696.56,Enterprise
ORD-12444,2025-07-22,Thunderbolt 4 Dock,Accessories,Delhi NCR,10,173.53,1735.3,Individual
ORD-12445,2025-01-28,Data Sync Plugin,Software & Cloud,Bengaluru,1,118.05,118.05,Enterprise
ORD-12446,2025-10-01,Qualcomm AI DevKit,Electronics,Chennai,5,462.04,2310.2,Individual
ORD-12447,2025-03-29,SnapInsight Pro Enterprise,Software & Cloud,Mumbai,1,848.41,848.41,Enterprise
ORD-12448,2025-10-29,SnapInsight Pro Enterprise,Software & Cloud,Bengaluru,2,757.97,1515.94,Individual
ORD-12449,2025-10-07,Laptop Stand Aluminum,Accessories,Chennai,3,38.3,114.9,Individual
ORD-12450,2025-08-07,Cloud Analytics Suite,Software & Cloud,Pune,4,503.48,2013.92,SMB
ORD-12451,2025-06-13,AI Implementation Consulting,Services,Pune,1,1610.34,1610.34,Individual
ORD-12452,2025-01-12,Annual Support Package,Services,Chennai,2,590.67,1181.34,Individual
ORD-12453,2025-03-02,Data Pipeline Setup,Services,Hyderabad,3,909.86,2729.58,Individual
ORD-12454,2025-07-27,SnapInsight Pro Enterprise,Software & Cloud,Delhi NCR,1,805.2,805.2,Individual
ORD-12455,2025-02-13,Cloud Analytics Suite,Software & Cloud,Bengaluru,1,513.91,513.91,Government
ORD-12456,2025-02-14,Annual Support Package,Services,Bengaluru,4,626.62,36893.9773699687,Enterprise
ORD-12457,2025-10-04,AI Implementation Consulting,Services,Hyderabad,3,1555.8,4667.4,SMB
ORD-12458,2025-09-25,SnapInsight Pro Enterprise,Software & Cloud,Mumbai,10,808.69,8086.9,Government
ORD-12459,2025-08-22,Mechanical Keyboard Pro,Electronics,Chennai,2,90.98,181.96,Government
ORD-12460,2025-11-16,Thunderbolt 4 Dock,Accessories,Mumbai,8,190.11,1520.88,Enterprise
ORD-12461,2025-01-18,Data Sync Plugin,Software & Cloud,Pune,10,120.14,1201.4,Government
ORD-12462,2025-05-30,Security Shield v4,Software & Cloud,Bengaluru,5,255.89,1279.45,Enterprise
ORD-12463,2025-05-26,Laptop Stand Aluminum,Accessories,Pune,2,42.96,85.92,Individual
ORD-12464,2025-01-19,AI Implementation Consulting,Services,Mumbai,1,1594.85,1594.85,SMB
ORD-12465,2025-07-25,Data Pipeline Setup,Services,Pune,2,877.99,1755.98,SMB
ORD-12466,2025-11-12,Data Pipeline Setup,Services,Delhi NCR,1,983.35,983.35,Enterprise
ORD-12467,2025-12-06,Data Pipeline Setup,Services,Hyderabad,2,956.38,1912.76,Individual
ORD-12468,2025-11-16,Annual Support Package,Services,Mumbai,2,582.73,1165.46,SMB
ORD-12469,2025-10-23,Data Sync Plugin,Software & Cloud,Delhi NCR,15,123.49,1852.35,Government
ORD-12470,2025-01-01,Annual Support Package,Services,Chennai,1,587.39,587.39,SMB
ORD-12471,2025-12-23,Thunderbolt 4 Dock,Accessories,Bengaluru,3,176.57,529.71,Individual
ORD-12472,2025-11-14,Laptop Stand Aluminum,Accessories,Delhi NCR,2,37.87,75.74,Enterprise
ORD-12473,2025-10-05,Security Shield v4,Software & Cloud,Bengaluru,4,237.3,949.2,Government
ORD-12474,2025-09-26,Data Pipeline Setup,Services,Mumbai,2,927.66,1855.32,SMB
ORD-12475,2025-11-10,USB-C Fast Charger 100W,Accessories,Chennai,2,56.62,113.24,SMB
ORD-12476,2025-10-22,Laptop Stand Aluminum,Accessories,Mumbai,4,40.3,161.2,SMB
ORD-12477,2025-10-21,UltraVision Monitor 27,Electronics,Bengaluru,2,360.33,720.66,Enterprise
ORD-12478,2025-06-17,Security Shield v4,Software & Cloud,Hyderabad,3,266.56,799.68,SMB
ORD-12479,2025-06-25,AI Implementation Consulting,Services,Mumbai,8,1607.06,12856.48,Individual
ORD-12480,2025-04-24,Security Shield v4,Software & Cloud,Chennai,2,234.09,468.18,Government
ORD-12481,2025-09-16,Mechanical Keyboard Pro,Electronics,Bengaluru,3,87.79,263.37,Government
ORD-12482,2025-11-27,Annual Support Package,Services,Hyderabad,1,553.5,553.5,Government
ORD-12483,2025-06-14,Annual Support Package,Services,Bengaluru,1,552.73,552.73,SMB
ORD-12484,2025-06-06,Mechanical Keyboard Pro,Electronics,Delhi NCR,4,101.29,405.16,Enterprise
ORD-12485,2025-11-03,AI Implementation Consulting,Services,Pune,1,1519.67,1519.67,Government
ORD-12486,2025-05-18,Snapdragon Laptop X1,Electronics,Mumbai,4,1163.06,4652.24,Individual
ORD-12487,2025-06-16,Laptop Stand Aluminum,Accessories,Bengaluru,1,37.49,37.49,SMB
ORD-12488,2025-03-30,USB-C Fast Charger 100W,Accessories,Hyderabad,4,52.7,210.8,Enterprise
ORD-12489,2025-08-07,Data Pipeline Setup,Services,Pune,1,1018.82,1018.82,Government
ORD-12490,2025-03-18,UltraVision Monitor 27,Electronics,Delhi NCR,8,365.47,2923.76,Enterprise
ORD-12491,2025-04-01,Data Pipeline Setup,Services,Delhi NCR,2,959.35,1918.7,Individual
ORD-12492,2025-11-06,Data Sync Plugin,Software & Cloud,Bengaluru,1,114.91,114.91,SMB
ORD-12493,2025-09-21,Laptop Stand Aluminum,Accessories,Mumbai,1,40.37,40.37,Government
ORD-12494,2025-08-08,AI Implementation Consulting,Services,Pune,8,1570.15,12561.2,Individual
ORD-12495,2025-08-19,Data Pipeline Setup,Services,Mumbai,1,948.89,948.89,SMB
ORD-12496,2025-06-22,Noise-Canceling Headset,Accessories,Bengaluru,2,161.15,322.3,Individual
ORD-12497,2025-06-12,USB-C Fast Charger 100W,Accessories,Bengaluru,2,59.12,118.24,Enterprise
ORD-12498,2025-12-21,Data Pipeline Setup,Services,Delhi NCR,1,880.52,880.52,Enterprise
ORD-12499,2025-06-07,USB-C Fast Charger 100W,Accessories,Mumbai,2,59.03,118.06,Enterprise
ORD-12500,2025-03-09,UltraVision Monitor 27,Electronics,Delhi NCR,4,322.31,1289.24,SMB
ORD-11448,2025-03-26,UltraVision Monitor 27,Electronics,Mumbai,2,328.07,656.14,Government
ORD-11115,2025-06-21,SnapInsight Pro Enterprise,Software & Cloud,Hyderabad,4,834.46,3337.84,Individual
ORD-11065,2025-03-01,Thunderbolt 4 Dock,Accessories,Hyderabad,10,187.14,1871.4,Government
ORD-12288,2025-08-31,Annual Support Package,Services,Chennai,15,563.5,8452.5,Government
ORD-11538,2025-05-16,Thunderbolt 4 Dock,Accessories,Mumbai,1,185.61,185.61,SMB
ORD-10669,2025-09-20,Noise-Canceling Headset,Accessories,Hyderabad,3,156.48,469.44,Individual
ORD-11584,2025-02-19,Laptop Stand Aluminum,Accessories,Delhi NCR,3,41.54,124.62,Enterprise
ORD-12405,2025-08-18,Security Shield v4,Software & Cloud,Hyderabad,1,246.3,246.3,SMB
ORD-10498,2025-12-18,Annual Support Package,Services,Hyderabad,5,559.58,2797.9,Government
ORD-12481,2025-09-16,Mechanical Keyboard Pro,Electronics,Bengaluru,3,87.79,263.37,Government
ORD-10472,2025-04-30,SnapInsight Pro Enterprise,Software & Cloud,Delhi NCR,2,853.49,1706.98,Government
ORD-10247,2025-11-10,Laptop Stand Aluminum,Accessories,Mumbai,1,39.69,39.69,Enterprise
